date,0,1,2,3,4,5,6,7,8,9,10,11,12,13,14,15,16,17,18,19,20,21,22,23,24,25,26,27,28,29,30,31,32,33,34,35,36,37,38,39,40,41,42,43,44,45,46,47,48,49,50,51,52,53,54,55,56,57,58,59,60,61,62,63,64,65,66,67,68,69,70,71,72,73,74,75,76,77,78,79,80,81,82,83,84,85,86,87,88,89,90,91,92,93
2016/01/01,0,0,0,0,0,0,0,0,0,0,0,0,0,0,0,0,0,0,0,0,0,0,0,0,0,0,0,0,0,0,0,0,0,0,0,0,0,0,0,0,0,0,0,0,0,0,0,0,0,0,0,0,0,0,0,0,0,0,0,0,0,0,0,0,0,0,0,0,0,0,0,0,0,0,0,0,0,0,0,0,0,0,0,0,0,0,0,0,0,0,0,0,0,0
2016/01/02,0,0,0,0,0,0,0,0,0,0,0,0,0,0,0,0,0,0,0,0,0,0,0,0,0,0,0,0,0,0,0,0,0,0,0,0,0,0,0,0,0,0,0,0,0,0,0,0,0,0,0,0,0,0,0,0,0,0,0,0,0,0,0,0,0,0,0,0,0,0,0,0,0,0,0,0,0,0,0,0,0,0,0,0,0,0,0,0,0,0,0,0,0,0
2016/01/03,0,0,0,0,0,0,0,0,0,0,0,0,0,0,0,0,0,0,0,1,0,0,0,0,0,0,0,0,0,0,0,0,0,0,0,0,0,0,0,0,0,0,0,0,0,0,0,0,0,0,0,0,0,0,0,1,0,0,0,0,0,0,0,0,1,0,0,0,0,0,0,0,1,0,0,1,1,1,0,0,0,0,0,0,0,0,1,0,0,0,0,0,0,0
2016/01/04,0,0,0,0,0,0,0,0,0,0,0,0,0,0,0,1,0,0,0,1,0,0,1,1,2,1,1,1,0,0,1,0,3,0,1,0,1,1,0,0,0,0,3,0,0,0,0,0,0,1,2,0,0,1,2,2,0,1,0,0,0,1,0,0,0,0,1,1,0,0,1,0,2,0,0,1,1,0,1,0,0,0,0,0,0,1,0,1,0,0,0,0,0,0
2016/01/05,0,0,0,0,0,1,0,0,0,0,0,0,0,0,0,0,0,0,0,1,1,0,1,0,1,1,0,0,0,0,0,1,1,0,0,0,1,0,1,0,0,1,1,0,0,0,0,0,0,0,1,0,0,0,0,0,0,0,1,1,0,0,0,1,0,0,0,0,3,0,0,0,8,0,0,0,2,0,0,0,1,0,0,0,3,0,0,0,0,0,0,1,0,0
2016/01/06,0,0,0,0,0,0,0,1,0,0,0,0,0,0,0,1,0,1,0,1,1,0,1,0,0,3,0,2,0,0,1,0,2,1,0,0,0,1,1,0,0,3,2,0,0,1,0,0,1,0,0,0,0,0,1,1,1,2,0,0,0,0,0,0,0,1,0,0,2,0,1,1,6,1,0,1,1,0,0,1,1,0,0,0,1,1,0,2,0,0,0,0,0,0
2016/01/07,1,0,1,0,0,0,0,0,0,1,1,2,0,0,0,2,0,1,0,4,0,0,1,2,0,5,0,0,0,0,0,0,2,0,2,0,0,2,0,0,0,0,8,0,0,0,1,0,0,0,0,0,1,0,1,2,0,1,1,0,1,0,0,2,0,0,0,2,6,0,0,0,5,0,0,3,2,0,2,0,2,1,0,0,2,0,0,5,0,0,0,0,0,1
2016/01/08,1,0,0,0,0,0,0,0,0,0,0,0,0,0,0,1,0,0,2,1,1,2,1,2,0,4,0,0,0,0,0,0,1,0,2,0,1,1,4,0,0,0,2,0,0,0,0,0,0,0,1,2,0,1,2,2,0,1,0,0,1,0,0,0,0,1,0,0,2,2,0,0,7,0,1,0,4,2,0,0,0,0,1,0,2,2,1,2,0,1,0,0,0,1
2016/01/09,0,0,1,0,0,0,0,1,0,0,0,0,0,0,0,0,0,0,0,0,1,0,0,0,0,1,0,1,0,0,0,1,1,0,0,0,0,0,0,1,0,2,2,1,0,0,0,0,0,0,0,1,0,0,0,0,1,0,0,0,0,0,0,0,0,0,0,1,0,0,0,0,1,0,0,0,0,0,0,0,0,0,0,0,0,1,0,0,0,0,0,0,0,0
2016/01/10,0,0,0,0,0,0,0,1,0,0,0,0,0,0,0,0,0,0,0,2,0,2,1,0,1,0,0,3,0,0,1,0,0,0,0,0,0,0,0,0,0,2,2,0,0,0,0,0,0,0,0,0,0,0,1,0,0,0,0,1,0,0,0,0,0,1,0,2,0,0,0,0,4,1,0,0,0,0,0,0,0,1,0,0,1,0,1,1,0,0,0,1,0,0
2016/01/11,0,0,1,1,0,1,0,0,0,2,0,0,0,0,0,0,0,0,0,2,0,0,6,1,0,4,0,0,0,0,0,0,3,0,1,0,0,0,0,0,1,3,9,0,0,1,1,0,0,0,0,2,0,1,5,9,1,4,0,0,1,0,0,2,2,1,0,2,0,1,1,0,3,0,1,2,5,0,2,0,4,0,1,1,3,1,2,4,1,0,0,0,0,0
2016/01/12,0,0,1,3,0,1,0,0,0,0,0,1,0,0,0,1,1,0,1,5,1,0,6,5,0,4,0,3,0,0,1,0,2,0,0,0,1,0,0,1,1,3,2,0,0,0,0,0,0,0,0,1,0,2,2,3,0,3,1,0,2,2,0,3,2,3,0,2,4,0,4,0,7,2,0,1,16,1,3,2,0,0,1,0,6,1,0,3,0,0,0,0,0,0
2016/01/13,0,2,1,1,0,3,0,3,0,0,0,0,0,0,0,0,0,0,0,2,3,0,5,2,1,6,0,0,0,0,0,0,3,0,0,0,0,1,6,2,0,4,6,0,0,0,0,0,1,0,1,5,2,3,8,9,0,4,2,1,3,1,0,1,0,0,3,7,4,0,2,0,17,3,1,0,3,0,0,1,5,0,2,0,7,3,2,4,1,0,0,0,0,0
2016/01/14,0,0,0,0,1,1,0,0,0,1,0,0,1,0,0,1,0,0,1,3,0,1,4,0,1,10,0,0,0,0,0,1,2,0,0,0,3,1,5,0,0,1,1,0,0,0,0,0,0,1,0,1,1,0,6,5,0,3,0,0,1,0,0,1,2,0,0,2,0,1,0,0,7,3,0,0,5,1,3,0,4,0,0,1,5,1,4,6,1,0,0,0,0,0
2016/01/15,2,0,1,1,0,0,1,2,0,1,0,0,0,0,0,1,0,0,1,6,0,0,3,1,1,3,0,0,0,0,0,0,6,0,1,0,0,1,2,0,0,2,13,1,0,0,0,0,1,0,0,1,0,0,0,4,0,2,1,2,1,0,0,1,2,0,1,1,5,0,3,0,13,1,0,1,2,2,1,2,3,0,1,0,3,0,1,4,3,0,0,1,0,0
2016/01/16,1,0,0,0,0,0,0,0,0,0,0,0,0,0,0,0,0,0,0,0,0,0,1,0,0,0,0,0,0,0,0,1,0,0,0,0,0,0,0,0,0,0,0,0,0,0,0,0,0,0,0,1,0,0,0,2,0,0,1,0,0,1,0,0,0,0,0,2,0,0,0,0,4,1,0,0,2,0,0,0,0,0,9,0,0,0,0,3,0,0,0,1,0,0
2016/01/17,0,0,1,0,0,0,0,0,0,0,0,1,1,0,0,1,0,0,2,2,0,0,2,0,0,1,0,0,0,0,0,1,0,0,0,0,0,0,0,1,1,0,2,0,0,0,0,0,0,0,0,0,0,0,0,1,0,1,0,0,0,0,0,0,0,0,0,0,1,0,1,0,4,1,0,0,0,0,0,2,1,0,0,0,0,0,0,0,0,0,0,1,0,0
2016/01/18,3,1,3,2,0,0,0,0,0,0,0,2,0,0,0,1,0,0,0,2,5,3,7,3,0,13,0,1,0,0,0,2,4,0,0,0,0,0,0,0,2,3,11,0,0,0,0,0,1,2,0,1,0,0,2,18,0,2,0,1,1,2,0,0,2,1,0,2,8,2,2,2,22,1,1,1,10,2,5,1,9,0,2,0,4,1,2,6,2,0,0,0,1,0
2016/01/19,2,0,3,1,1,2,0,3,0,0,0,0,1,0,0,0,0,1,0,4,2,0,6,1,2,8,0,0,0,0,1,0,3,0,0,0,2,1,8,1,0,1,15,1,0,0,1,0,3,0,0,0,1,1,3,9,1,5,2,0,0,2,0,5,4,0,0,4,5,2,1,1,16,3,0,0,5,1,3,2,5,1,1,0,5,1,7,7,1,0,0,0,1,0
2016/01/20,2,0,0,3,0,0,0,2,0,0,0,0,1,0,0,0,1,0,1,2,0,1,9,0,1,7,0,0,0,0,2,0,3,0,1,0,0,0,2,2,0,2,12,0,0,1,0,0,2,0,0,2,3,3,3,6,0,1,4,1,2,3,0,2,0,2,0,5,3,5,1,1,21,6,0,0,7,3,2,0,3,0,0,0,5,2,4,15,2,0,0,0,0,0
2016/01/21,1,0,0,1,0,1,0,1,0,1,0,0,0,0,0,1,0,0,0,3,4,1,3,1,1,1,0,1,0,0,0,3,5,0,1,1,0,2,4,4,1,2,9,2,0,1,1,0,0,1,1,2,1,2,1,7,1,8,0,0,2,0,0,0,1,0,1,9,5,3,0,0,17,3,0,4,3,1,0,0,5,0,1,0,5,2,0,13,1,0,0,2,0,0
2016/01/22,2,1,1,2,1,1,0,0,0,0,0,0,2,2,0,0,1,0,1,4,3,1,6,2,0,9,0,1,0,0,0,3,3,1,1,0,0,0,3,1,0,2,13,1,0,0,0,0,0,0,0,1,2,0,8,7,0,5,1,0,2,2,0,3,3,1,0,2,8,4,3,0,16,3,0,1,13,3,5,3,4,0,1,0,7,0,2,16,0,1,1,3,0,0
2016/01/23,0,0,0,0,0,0,0,0,0,1,0,0,0,0,0,0,1,0,0,1,1,0,1,1,0,2,0,0,0,0,0,2,1,0,0,0,0,0,0,0,1,0,2,0,0,0,0,0,0,0,0,0,2,2,1,1,0,3,0,0,1,5,0,0,1,0,0,0,0,0,0,0,0,0,0,0,2,0,0,1,1,0,1,1,1,0,0,1,0,0,0,0,0,1
2016/01/24,1,0,0,0,0,0,0,0,0,0,0,1,1,0,0,2,1,1,0,0,0,0,0,0,0,0,0,4,3,0,0,0,1,0,0,0,0,0,1,1,0,0,1,2,0,1,0,0,0,0,0,0,0,0,0,4,0,1,1,0,0,0,0,0,0,0,0,2,0,1,0,0,2,0,0,0,2,0,1,0,1,0,0,0,0,0,0,0,0,0,0,1,1,0
2016/01/25,2,0,3,1,1,1,0,1,0,1,0,1,0,1,0,1,0,0,0,1,3,7,7,0,0,6,0,0,1,0,0,0,2,0,1,0,0,1,0,0,0,5,15,0,0,0,0,0,5,2,0,2,2,1,5,13,0,9,1,2,0,4,0,2,1,3,0,3,5,6,0,0,22,4,0,0,10,7,1,1,2,1,0,0,5,1,4,7,0,0,1,0,0,0
2016/01/26,4,0,2,1,1,2,0,1,0,2,0,0,0,0,0,2,0,0,3,2,7,4,11,5,1,5,0,0,1,0,0,4,5,0,1,0,1,0,2,1,0,5,11,0,0,0,1,1,1,0,2,0,2,0,2,4,0,5,3,1,0,2,0,3,1,0,0,2,9,4,1,0,25,6,0,1,8,3,0,1,11,1,0,0,4,1,0,14,0,1,1,1,0,0
2016/01/27,3,1,9,0,0,2,0,4,0,0,0,0,0,1,0,4,2,1,0,6,5,6,6,3,1,3,0,1,1,1,0,1,7,0,0,0,2,1,5,0,1,1,7,0,0,0,1,0,2,1,0,1,1,0,3,6,1,3,4,1,0,1,0,9,4,0,0,8,14,2,3,1,22,5,0,1,5,2,0,6,2,0,0,0,3,0,3,11,0,0,1,1,0,0
2016/01/28,2,0,5,2,0,2,0,4,1,3,1,0,0,0,0,0,0,1,0,8,2,6,10,1,0,12,0,2,0,0,2,4,1,0,1,0,0,0,4,1,1,2,10,1,0,0,0,0,8,1,1,0,1,1,8,8,0,6,0,0,1,3,0,5,1,0,0,6,12,3,0,1,7,1,0,1,19,1,4,4,4,1,3,0,7,3,0,11,3,0,0,2,0,0
2016/01/29,3,0,2,1,0,3,0,1,0,0,1,0,0,0,0,0,0,0,0,7,1,4,4,3,0,5,0,1,3,0,1,1,1,0,0,1,0,1,7,1,1,0,13,0,0,0,1,0,2,0,0,0,2,0,3,5,1,4,0,4,0,0,0,8,1,0,1,7,8,1,2,1,12,3,1,0,3,0,3,1,2,1,2,0,5,4,0,9,1,0,0,3,0,0
2016/01/30,1,0,3,0,0,0,0,0,0,0,0,0,0,0,0,1,0,0,0,1,0,1,0,0,0,0,0,0,0,0,0,0,0,0,0,0,0,0,0,0,1,0,4,1,0,0,0,0,5,0,0,0,0,0,0,0,0,0,0,0,0,0,0,0,1,0,0,0,0,0,0,0,1,0,0,0,2,0,0,0,1,0,0,0,0,0,0,0,0,1,0,0,0,0
2016/01/31,0,0,0,0,0,0,0,0,0,0,0,0,0,1,0,0,0,0,0,1,1,0,0,0,0,4,0,1,0,0,0,0,0,0,0,0,0,0,2,1,1,1,0,0,0,0,0,0,0,1,0,0,0,0,1,0,0,0,0,0,1,1,0,1,0,0,0,0,1,0,0,0,2,0,0,0,2,0,0,0,0,0,0,0,0,0,0,0,1,0,0,0,0,0
2016/02/01,1,0,0,0,0,0,0,0,0,2,0,0,0,0,0,2,0,0,0,6,2,3,8,3,0,4,0,1,1,0,0,3,6,0,0,1,1,0,4,2,8,5,12,3,0,0,0,0,2,0,1,0,0,0,3,10,0,8,1,0,3,5,0,2,1,0,0,3,6,3,1,0,12,1,0,0,3,1,0,1,5,0,0,0,11,1,6,15,0,0,0,2,1,0
2016/02/02,3,0,2,0,0,2,1,6,0,0,0,0,0,0,0,0,1,0,0,9,2,4,7,3,0,9,0,3,0,0,3,6,2,0,1,1,0,0,3,2,3,0,7,1,0,0,0,1,1,0,0,2,2,1,7,2,0,3,0,1,0,3,0,4,3,0,2,4,1,4,2,0,19,2,0,0,2,1,4,2,1,0,1,0,5,5,2,33,1,0,0,1,0,1
2016/02/03,5,0,0,1,0,3,0,1,0,0,2,0,0,0,0,0,4,0,1,19,4,5,7,2,1,6,0,0,0,0,0,2,3,0,1,0,0,0,7,1,1,1,12,0,1,0,0,0,0,0,0,1,0,0,9,6,0,3,5,1,0,2,0,1,3,0,0,6,6,1,3,1,24,0,0,0,4,2,0,0,2,0,1,0,5,2,1,26,0,1,2,1,0,1
2016/02/04,2,0,2,0,0,4,0,7,0,3,0,0,2,0,0,0,0,1,1,8,2,2,8,2,2,7,0,0,0,0,0,0,17,0,0,0,0,0,0,2,1,1,8,1,0,1,0,0,1,0,1,2,4,1,4,9,0,8,0,1,1,1,0,3,7,1,1,3,6,2,1,0,11,2,0,0,2,1,2,1,0,1,2,1,6,4,5,13,0,0,0,3,0,0
2016/02/05,0,0,0,2,1,1,0,3,0,1,0,0,0,0,0,0,1,1,2,6,7,6,9,2,1,7,0,0,1,0,4,0,9,0,1,0,1,2,2,1,0,3,1,1,0,0,0,0,0,1,1,0,0,1,4,12,0,7,0,0,1,4,0,4,7,0,0,7,15,3,4,1,31,5,2,0,5,0,0,0,1,0,2,2,5,0,3,15,0,2,0,1,0,1
2016/02/06,1,0,0,0,0,1,1,0,0,0,0,0,0,0,0,0,1,0,2,1,0,0,2,0,0,0,0,2,0,0,1,0,0,0,1,0,0,0,1,0,1,0,2,1,0,0,0,0,0,0,0,0,0,0,0,2,0,0,0,0,0,1,0,0,0,1,0,2,2,2,0,1,5,0,0,0,1,0,0,1,0,0,1,1,1,0,1,0,0,0,0,0,0,0
2016/02/07,0,0,0,0,0,0,0,1,0,1,1,0,0,0,0,1,0,0,0,2,0,2,3,1,0,0,0,1,0,0,0,0,1,0,0,0,0,0,0,1,0,1,2,1,0,0,0,0,0,0,0,0,0,0,0,4,0,1,0,0,0,1,0,1,0,0,0,0,2,1,0,0,1,0,1,0,3,0,0,0,1,0,0,1,2,2,0,2,1,0,0,0,0,0
2016/02/08,2,0,0,1,0,0,0,1,0,0,0,0,0,0,0,0,0,0,0,2,1,0,1,1,0,1,0,2,0,0,0,0,1,0,1,0,1,0,1,0,0,0,4,0,0,2,0,1,0,0,0,0,0,0,0,2,0,1,0,0,0,3,0,0,1,0,0,1,2,0,1,0,4,0,0,0,1,1,0,0,0,0,0,0,1,0,0,3,1,0,2,1,0,0
2016/02/09,0,0,0,0,1,0,0,0,0,0,0,0,0,0,0,1,0,0,1,0,1,0,4,0,0,0,1,0,0,0,1,1,0,0,0,0,0,0,1,0,0,0,3,0,0,0,0,0,1,0,0,0,0,1,0,0,0,1,0,0,0,0,0,0,0,0,0,0,1,1,0,0,2,0,0,0,0,0,0,0,0,0,0,0,1,0,0,1,0,0,0,1,0,1
2016/02/10,0,0,0,0,0,1,1,2,0,1,0,0,0,1,2,2,1,0,1,1,0,0,1,1,0,1,0,0,0,0,0,1,0,0,1,0,0,0,2,0,1,0,0,0,0,0,0,0,0,0,0,1,0,0,1,1,0,1,0,1,0,0,0,0,0,3,0,1,2,0,0,0,7,0,0,0,1,0,1,0,0,0,0,0,1,2,1,3,1,0,2,0,0,0
2016/02/11,2,0,1,3,1,1,0,2,0,0,0,0,0,0,0,0,1,0,1,7,0,0,11,1,2,6,0,2,1,0,1,0,6,0,0,0,1,2,9,2,3,3,15,1,0,4,1,0,1,0,0,1,2,1,5,12,0,7,4,0,2,12,0,0,1,0,0,7,20,5,2,0,15,2,1,0,0,0,1,1,7,0,1,4,3,1,2,24,3,0,0,5,5,0
2016/02/12,1,1,1,1,1,3,0,5,0,1,0,0,0,1,1,0,1,1,1,9,3,5,5,5,2,10,0,1,4,1,3,3,9,4,1,1,1,4,2,1,1,1,6,2,0,0,0,0,3,1,0,1,1,1,5,7,1,6,1,2,1,6,0,0,3,2,0,6,4,4,3,2,26,3,0,1,7,1,0,8,1,0,1,0,3,2,0,17,4,0,0,2,4,0
2016/02/13,0,0,1,1,0,1,0,0,0,0,0,0,0,0,0,0,0,1,0,3,0,2,3,1,0,3,0,0,0,0,0,1,1,0,0,0,0,0,1,1,0,0,1,0,0,0,0,0,0,0,0,0,0,0,0,3,0,0,1,0,0,2,0,1,0,0,0,1,4,0,0,0,9,1,0,1,1,0,0,0,0,0,0,0,1,2,0,1,0,0,0,0,0,0
2016/02/14,0,0,1,1,0,0,0,0,0,1,0,1,0,0,1,0,1,0,4,4,1,1,0,0,0,0,0,0,0,0,0,0,0,0,1,0,0,0,2,0,0,1,4,0,1,0,0,0,0,0,0,2,1,0,1,6,0,0,0,0,0,5,0,2,1,0,0,4,7,0,0,0,2,1,1,0,1,0,2,1,2,0,1,0,2,1,3,1,1,0,1,1,0,0
2016/02/15,5,0,1,1,0,2,0,2,0,1,1,0,0,0,0,1,1,1,0,17,5,5,12,4,0,6,0,2,7,0,1,2,9,2,1,3,0,5,9,1,2,2,10,1,2,0,5,0,1,0,2,0,4,1,7,16,0,8,1,4,0,6,0,3,3,1,2,15,19,2,5,1,22,3,0,0,9,0,1,2,4,0,0,1,11,7,4,39,2,2,1,4,1,0
2016/02/16,4,0,0,1,1,0,0,2,0,2,0,0,0,0,0,2,1,2,1,9,5,9,13,2,1,5,0,1,3,0,3,0,21,1,2,0,2,1,12,3,6,6,10,2,0,0,0,0,0,0,1,1,5,2,11,21,1,13,2,0,2,19,0,2,1,1,2,8,23,2,0,0,23,3,1,2,10,2,1,2,1,3,3,2,13,4,1,33,4,2,1,1,1,0
2016/02/17,1,0,0,1,1,2,0,3,0,4,0,4,1,0,0,2,2,1,0,4,4,4,4,2,0,4,1,2,1,0,1,0,12,0,2,3,2,2,3,3,5,8,18,0,0,1,0,0,2,0,0,1,1,0,15,19,1,19,1,0,4,23,0,1,2,2,1,7,6,9,3,2,8,2,0,0,9,1,1,3,7,2,1,1,6,4,1,10,0,0,2,4,1,1
2016/02/18,1,0,1,0,0,0,0,1,0,2,0,0,0,0,0,1,2,3,2,13,3,3,8,3,0,7,0,2,2,0,0,0,19,1,0,0,0,5,9,1,2,2,9,1,0,0,1,0,0,0,0,2,1,0,3,10,0,8,1,1,1,14,0,2,1,0,0,9,10,5,2,0,15,2,0,1,4,0,1,3,2,0,2,2,6,5,7,23,2,2,4,2,0,0
2016/02/19,1,0,0,1,0,2,0,5,0,1,0,1,2,3,0,0,1,0,0,5,3,5,7,0,1,5,0,0,4,0,0,2,25,1,0,3,0,1,1,0,0,0,9,1,0,0,1,1,27,0,2,0,1,1,3,17,0,8,2,0,2,9,0,0,4,1,0,2,12,16,2,0,15,3,1,0,4,2,0,2,3,1,3,2,11,4,5,17,1,2,3,0,5,1
2016/02/20,0,0,0,0,1,0,0,1,0,0,0,0,0,0,0,2,0,0,0,1,1,1,0,0,1,0,0,2,0,0,1,16,3,0,0,0,1,0,1,0,0,23,1,0,0,0,2,0,0,0,0,2,0,0,0,1,0,2,1,0,0,3,0,0,0,0,0,0,2,0,0,0,2,0,0,0,2,0,0,0,1,0,0,0,1,1,0,0,1,0,0,1,0,0
2016/02/21,0,0,0,0,0,0,0,0,0,0,0,0,0,0,0,0,0,1,1,0,0,1,0,0,0,0,0,1,0,0,0,6,0,0,0,0,0,1,0,0,0,33,1,0,0,0,0,0,0,0,0,0,0,1,0,0,0,0,0,0,0,0,0,0,0,0,1,0,0,0,1,0,0,1,0,0,0,0,0,0,0,0,0,0,0,2,0,2,0,0,0,0,0,0
2016/02/22,1,0,4,2,2,3,0,10,0,3,1,1,0,0,0,2,0,0,0,12,4,7,7,5,1,9,0,4,0,0,15,3,11,0,1,1,0,1,9,2,0,0,11,0,0,1,0,1,2,0,1,0,1,1,5,14,0,19,3,0,2,6,0,5,5,2,5,10,21,11,5,4,32,5,1,2,10,4,3,5,10,2,3,1,10,3,6,21,3,1,0,2,0,1
2016/02/23,0,0,3,0,0,3,1,0,0,1,0,0,0,0,0,0,1,0,1,6,4,5,17,3,2,8,0,4,1,0,1,4,14,0,1,0,1,12,11,0,2,3,4,0,0,0,2,0,1,0,0,0,1,1,3,3,0,4,2,0,1,8,0,0,3,1,4,4,9,9,7,1,14,4,0,0,2,4,1,3,2,0,5,1,9,6,0,19,0,0,0,0,1,2
2016/02/24,0,2,3,2,1,0,0,2,0,2,0,0,0,0,0,0,0,0,1,9,8,10,9,1,2,11,0,2,0,1,12,6,9,0,0,0,2,0,9,1,0,2,9,3,0,1,3,0,0,1,0,2,0,0,2,5,0,8,2,5,3,17,0,3,5,1,1,8,18,4,6,0,24,8,0,0,11,2,2,2,2,0,2,1,8,4,2,16,1,1,1,1,0,0
2016/02/25,0,0,0,2,0,2,0,1,0,2,0,1,0,0,0,1,1,1,0,1,1,4,9,2,0,6,0,3,0,0,5,3,3,0,0,0,0,0,3,0,3,8,5,0,0,0,3,0,5,0,0,0,0,1,0,5,0,4,1,1,0,1,0,1,2,1,1,6,20,11,2,0,2,3,0,0,2,2,0,0,3,0,3,0,6,8,0,9,2,1,2,2,0,0
2016/02/26,1,0,0,2,0,2,0,4,0,1,0,2,0,0,0,1,1,0,1,8,1,7,9,0,1,12,0,3,6,0,0,5,7,0,1,1,1,1,1,2,0,2,7,0,0,0,0,0,0,0,0,0,4,1,6,4,0,1,2,4,2,11,0,1,4,0,0,4,11,9,2,0,13,1,0,1,9,1,2,5,4,0,3,2,8,5,7,10,3,1,0,2,6,0
2016/02/27,0,0,1,0,0,0,0,0,0,0,0,0,0,0,0,0,0,0,0,0,0,1,0,0,0,4,0,0,0,0,0,1,0,0,0,0,0,0,0,0,0,0,0,0,0,0,0,0,0,0,0,0,0,0,2,0,0,0,0,0,0,1,0,0,1,0,0,1,0,2,0,0,1,1,1,0,1,0,0,0,2,0,1,0,0,1,0,1,0,0,0,0,0,0
2016/02/28,0,0,0,0,0,0,0,1,0,0,0,0,0,0,0,0,0,2,0,3,0,1,1,0,0,6,0,0,0,0,1,1,4,0,0,0,1,0,0,0,0,0,1,0,1,0,0,0,1,0,0,1,1,0,4,0,0,0,0,0,0,1,0,0,0,0,0,0,0,0,0,0,3,0,0,0,1,0,0,0,0,0,0,0,0,0,0,3,0,0,0,0,0,0
2016/02/29,0,0,1,1,1,3,1,2,0,1,0,0,0,0,0,1,1,0,0,13,4,5,9,2,0,10,0,6,1,0,9,3,10,4,3,1,2,2,3,3,1,0,1,0,0,0,1,1,0,0,0,2,0,0,1,3,1,5,0,1,0,7,0,3,1,1,2,9,20,8,3,1,33,8,3,0,10,3,1,5,12,3,4,3,17,10,9,4,3,5,1,4,1,0
2016/03/01,0,0,5,1,0,1,0,0,0,2,0,0,1,0,0,0,0,1,2,13,4,10,5,2,1,11,0,2,1,0,5,2,0,1,1,1,0,2,5,0,3,0,8,0,0,0,1,0,1,1,1,1,0,2,1,5,0,0,5,5,2,11,0,1,2,0,0,4,18,8,1,2,29,4,1,1,13,2,1,4,6,2,2,2,8,3,6,12,0,0,3,1,1,0
2016/03/02,1,0,0,0,0,0,0,0,0,0,0,0,0,0,0,3,0,1,0,5,2,13,1,1,0,6,0,4,0,0,3,6,3,0,0,2,0,2,6,0,2,1,11,0,0,0,0,0,6,1,0,0,0,0,3,5,0,4,0,2,1,10,0,0,1,0,0,12,23,6,0,0,15,5,3,2,1,0,0,2,2,0,1,0,1,0,0,16,2,1,2,0,0,1
2016/03/03,2,0,2,0,0,4,0,0,0,2,0,0,0,0,0,0,1,1,5,12,0,5,11,0,0,5,0,7,0,1,6,1,6,1,3,1,1,1,7,1,0,2,2,0,0,0,0,0,1,1,0,0,0,1,1,4,0,2,1,2,0,5,0,6,2,0,0,5,6,4,3,0,7,1,1,0,5,1,0,1,2,1,0,0,10,3,0,9,1,0,0,1,0,0
2016/03/04,0,0,0,0,0,0,1,0,0,0,0,1,0,0,0,1,0,1,9,18,4,3,6,0,0,2,0,3,0,0,0,1,4,1,2,0,0,2,1,0,2,1,2,2,0,0,0,0,0,1,0,0,2,1,2,6,0,2,3,0,1,4,0,5,3,1,2,7,18,5,4,0,25,0,0,0,2,0,0,0,3,2,0,0,7,3,5,8,1,1,2,0,0,0
2016/03/05,0,0,0,0,0,0,0,0,0,0,0,0,0,0,0,1,0,0,1,0,0,0,0,0,0,0,0,1,0,0,1,0,0,0,0,0,0,0,1,1,0,0,0,0,0,0,0,0,0,0,0,1,0,0,0,1,0,0,0,0,0,0,0,0,0,0,0,0,1,1,0,0,4,0,0,0,1,0,0,0,0,0,0,0,0,0,0,0,0,0,0,0,0,0
2016/03/06,0,0,0,0,0,0,0,0,0,1,0,0,0,0,0,0,0,0,0,0,0,0,0,0,0,0,0,1,0,0,1,2,2,0,0,0,0,0,0,0,0,1,0,1,0,0,0,0,0,0,0,1,0,0,1,0,0,0,0,0,0,0,0,0,6,1,0,1,2,0,0,0,1,0,0,0,0,0,0,0,1,0,1,0,0,0,0,0,0,0,0,0,0,0
2016/03/07,0,0,2,6,0,3,1,4,0,1,0,0,0,0,0,0,1,0,0,5,3,3,6,3,1,10,0,2,0,0,4,0,1,6,1,0,2,2,0,2,0,1,2,0,0,1,0,0,0,1,0,0,1,1,2,1,0,2,0,0,0,4,0,1,1,1,0,5,5,4,3,1,6,0,0,1,11,5,2,1,4,1,5,1,18,4,2,13,3,0,0,1,0,1
2016/03/08,0,0,1,1,0,3,0,1,0,3,0,0,1,0,0,0,0,0,1,5,1,2,3,5,1,3,0,1,0,0,2,1,2,0,0,0,0,5,2,1,0,2,1,1,0,1,0,0,5,0,0,1,0,2,0,3,0,0,0,2,1,2,0,1,1,0,1,2,11,4,2,0,9,3,1,1,2,4,0,2,6,3,0,0,0,3,1,8,0,1,0,1,0,0
2016/03/09,0,0,0,1,0,1,0,1,0,1,0,2,0,0,0,1,0,0,0,10,3,2,12,3,1,5,0,2,1,0,0,0,0,0,0,0,1,0,3,0,0,0,3,2,0,0,0,0,4,0,0,1,2,1,2,3,0,0,0,1,0,0,0,0,1,0,0,5,15,11,3,1,26,5,1,0,6,3,3,1,1,1,1,1,10,4,3,14,2,1,1,1,1,1
2016/03/10,0,0,1,0,0,3,0,1,0,0,0,1,0,0,0,2,3,1,0,2,3,5,2,1,1,3,0,2,0,0,2,5,2,0,1,1,1,8,0,0,0,5,4,1,0,0,0,0,0,0,0,0,0,0,0,2,1,2,0,4,1,2,0,4,1,1,1,4,11,4,5,0,6,2,0,0,1,1,0,0,2,1,0,0,1,5,1,13,0,1,1,1,1,0
2016/03/11,0,0,1,0,0,1,0,0,0,0,1,0,0,1,0,2,1,3,0,1,1,2,0,3,1,6,0,2,0,0,1,1,9,2,0,0,0,6,4,0,0,1,1,1,0,0,0,0,1,0,0,1,0,0,1,5,0,0,0,0,1,2,0,0,2,1,0,4,6,4,2,1,20,2,2,0,6,1,0,2,2,0,0,0,4,2,0,5,0,3,0,1,0,0
2016/03/12,0,0,3,0,0,0,0,0,0,0,0,0,0,0,1,0,0,0,0,0,0,1,1,0,0,0,0,0,0,0,0,0,1,0,0,1,0,0,1,0,0,0,2,0,0,0,0,0,0,0,0,0,0,0,0,0,0,0,1,0,0,0,0,0,0,1,0,0,1,0,0,0,1,0,0,0,2,0,0,0,0,0,1,0,1,1,0,0,0,0,0,0,0,0
2016/03/13,0,0,1,0,0,0,0,0,0,1,0,0,1,0,0,0,0,1,0,1,2,0,0,1,0,0,0,0,0,0,0,0,1,0,1,0,0,0,2,0,0,2,1,0,0,0,0,0,0,0,1,0,0,1,0,1,0,0,0,0,0,0,0,1,1,0,0,1,0,1,0,0,0,0,0,0,1,1,0,0,0,0,0,0,0,0,0,0,0,0,0,0,0,0
2016/03/14,0,0,1,0,0,1,0,2,0,1,0,0,0,0,0,1,0,1,1,4,0,1,2,1,0,3,1,3,0,0,1,1,4,3,0,1,2,3,4,2,1,21,2,1,0,0,0,2,0,2,0,1,0,0,1,7,0,2,1,2,1,0,0,4,4,0,0,8,22,6,4,2,31,6,0,0,7,3,0,1,4,0,0,0,5,2,2,5,1,0,0,1,0,1
2016/03/15,2,0,1,2,0,1,0,3,0,2,0,0,0,0,0,1,0,1,2,5,2,1,6,2,0,2,0,0,0,0,5,0,3,0,1,1,1,1,2,0,1,1,1,0,0,0,0,0,0,0,0,0,2,0,0,7,0,2,1,2,2,5,0,0,1,3,0,4,2,8,1,0,29,3,1,1,1,0,1,0,3,0,2,0,0,4,0,14,2,1,2,1,0,0
2016/03/16,0,0,0,2,2,0,0,2,1,1,0,2,0,0,0,2,1,2,6,15,7,3,13,2,2,2,0,2,1,0,2,0,7,2,4,0,2,6,8,0,0,2,3,0,0,1,0,0,1,1,0,1,0,0,3,8,0,2,2,1,2,1,0,2,0,1,1,4,21,6,1,1,18,3,0,0,7,1,1,3,1,0,1,0,1,8,2,21,1,0,0,1,0,1
2016/03/17,0,0,0,0,0,1,0,0,0,1,0,0,0,0,0,0,0,0,0,2,2,1,4,0,1,3,0,2,0,0,2,0,3,0,0,0,0,2,1,0,3,2,2,0,0,2,0,2,0,1,1,0,0,2,0,14,0,2,0,0,0,0,0,0,2,0,0,2,7,2,0,0,9,1,1,1,2,1,0,0,2,0,0,0,0,2,1,0,0,0,1,1,0,0
2016/03/18,0,0,6,1,0,1,0,0,0,2,1,1,0,0,0,0,0,0,0,3,2,0,4,4,0,10,0,2,0,0,3,1,5,0,0,1,1,1,6,0,1,0,0,0,0,0,0,0,0,0,0,0,0,0,0,2,0,0,0,1,0,3,0,0,0,1,10,2,5,1,0,1,8,0,0,0,2,0,1,1,0,0,1,0,1,0,0,7,0,0,0,0,0,1
2016/03/19,0,0,0,0,0,0,0,0,0,0,0,0,0,0,0,0,0,0,0,2,0,0,0,0,1,1,0,0,0,0,0,0,1,0,0,0,0,0,0,0,0,0,2,1,0,0,0,0,0,0,0,0,0,0,0,1,0,0,0,0,0,0,0,0,0,0,0,0,0,0,0,0,0,0,0,0,0,0,0,0,0,0,0,0,1,0,0,1,0,0,0,1,0,0
2016/03/20,0,0,0,0,0,0,0,0,0,0,0,0,0,0,0,0,0,0,2,2,0,0,0,0,1,0,0,1,0,0,0,1,1,0,1,0,0,0,1,0,0,0,0,0,0,0,0,0,1,0,0,2,0,0,0,0,0,0,0,0,0,0,0,0,0,1,0,0,3,0,0,0,0,0,1,0,0,1,0,0,1,0,0,0,0,0,0,0,0,0,0,0,0,0
2016/03/21,1,0,4,2,0,0,0,3,0,0,0,0,0,0,0,0,0,0,0,6,0,1,1,1,1,2,0,4,0,0,3,0,10,0,0,1,1,5,6,2,0,1,2,0,0,0,0,0,0,0,1,0,0,1,0,4,0,0,0,1,0,13,0,21,2,0,0,0,1,5,0,1,6,0,0,0,7,2,1,1,6,0,2,0,4,2,2,8,0,0,0,1,1,0
2016/03/22,0,0,4,1,0,0,0,1,1,2,0,1,0,0,0,0,0,0,2,2,2,3,1,3,0,1,0,1,0,0,4,1,5,0,0,0,1,0,4,2,3,0,1,0,0,0,0,0,0,0,0,0,0,0,0,8,0,0,0,2,0,9,0,0,3,0,1,1,4,3,1,0,20,2,2,1,2,0,0,0,0,0,0,0,0,2,1,5,1,0,0,1,0,0
2016/03/23,1,0,5,3,1,3,0,1,0,0,0,0,0,0,0,1,1,0,0,3,1,3,3,1,0,6,0,3,0,0,1,0,9,1,0,0,0,5,9,1,2,2,0,0,0,0,0,0,1,0,0,0,0,0,0,4,0,2,1,2,0,2,0,3,1,0,2,0,8,2,0,0,19,1,0,0,4,2,0,2,0,1,1,0,2,2,3,24,0,0,0,2,0,0
2016/03/24,0,0,0,0,0,0,0,0,0,1,0,0,0,0,0,0,0,0,0,0,0,1,1,0,0,0,0,2,0,0,0,2,7,0,0,0,2,0,2,0,0,0,2,0,0,0,0,0,0,0,0,0,0,0,0,1,0,0,1,0,0,1,0,0,0,1,0,1,1,0,1,0,4,1,0,0,0,0,1,0,0,0,0,0,0,0,0,0,0,0,0,0,0,0
2016/03/25,0,0,0,0,0,0,0,0,0,0,0,0,0,0,0,0,1,0,0,0,0,0,0,1,0,0,0,0,0,0,0,1,0,0,0,0,1,0,0,1,0,0,0,0,0,0,0,0,0,0,0,0,1,0,0,1,0,0,0,0,0,0,0,0,3,0,0,0,0,0,0,0,2,0,0,0,0,0,0,0,0,0,0,0,0,2,0,0,0,0,0,0,0,0
2016/03/26,0,0,0,0,0,0,0,0,0,0,0,0,0,0,0,0,0,0,0,0,0,0,0,0,0,0,0,1,0,0,0,0,0,0,0,0,0,0,0,0,0,0,0,0,0,0,0,0,0,0,0,0,0,0,0,0,0,0,1,0,0,0,0,0,0,0,0,0,1,0,0,0,23,5,0,0,0,0,0,1,0,0,0,0,0,0,0,0,0,0,0,0,0,0
2016/03/27,0,0,0,0,0,0,0,0,0,0,0,0,0,0,0,0,0,0,0,0,2,0,0,0,0,0,0,0,0,0,1,0,1,0,0,1,0,0,1,0,0,0,0,0,0,0,0,0,0,0,0,0,0,0,0,0,0,0,0,0,0,0,0,1,0,0,0,0,1,0,0,0,1,0,1,0,1,0,0,0,0,0,0,0,0,0,1,0,1,0,0,0,0,0
2016/03/28,0,0,0,1,0,0,0,1,0,2,0,1,0,0,0,1,1,0,5,3,0,0,5,0,3,1,0,5,0,0,4,3,6,1,1,1,2,10,7,1,1,0,1,2,0,0,0,0,0,0,0,0,2,1,1,3,0,2,0,1,0,1,0,1,1,0,0,4,10,4,0,2,17,5,0,0,3,2,0,4,3,1,1,2,1,2,1,3,0,2,1,0,0,0
2016/03/29,0,0,1,1,0,0,0,0,1,0,0,0,1,0,0,0,2,0,0,5,2,5,4,0,0,3,0,1,0,0,3,3,6,12,1,0,0,1,1,0,0,0,0,0,0,0,0,0,2,1,0,1,0,0,0,1,0,2,0,2,0,1,0,1,0,0,0,5,15,3,1,2,27,3,0,0,4,0,0,2,3,2,1,0,3,2,1,5,0,0,3,2,0,0
2016/03/30,0,0,2,0,0,0,0,1,0,1,0,0,0,0,0,0,0,0,1,2,3,2,4,0,0,2,0,5,0,0,2,4,2,0,0,0,1,7,4,2,1,0,1,0,0,0,2,0,2,0,0,0,0,1,2,0,0,1,0,0,1,1,0,3,4,1,1,3,5,3,1,0,2,0,0,0,1,1,2,3,3,0,0,0,2,5,2,19,1,1,1,0,0,0
2016/03/31,0,0,0,1,0,1,0,0,0,0,0,1,0,0,0,0,0,0,2,0,1,4,3,1,0,2,0,1,0,0,1,1,1,0,3,0,0,3,4,0,0,2,1,0,0,0,0,0,0,0,0,0,0,0,0,0,0,0,0,0,0,1,0,1,0,1,0,4,14,1,1,0,2,1,2,2,3,1,0,1,2,0,0,0,1,2,1,17,0,0,0,0,0,0
2016/04/01,0,0,2,1,0,0,0,1,0,0,0,0,0,0,0,0,0,0,0,0,2,5,4,2,0,2,0,2,0,0,0,1,5,0,0,2,0,11,5,0,0,0,7,0,0,0,0,0,0,0,0,0,0,0,0,0,0,0,0,1,1,1,0,3,1,1,0,1,9,1,0,0,14,3,1,0,3,0,0,0,0,0,0,0,1,0,1,13,1,2,1,0,0,0
2016/04/02,0,0,0,0,0,0,0,0,0,0,0,0,0,0,0,0,0,3,0,1,1,0,1,0,0,0,0,2,0,0,0,2,0,0,0,0,0,0,2,0,0,0,0,0,0,0,0,0,0,0,0,0,1,0,0,0,0,1,0,0,0,0,0,0,0,0,0,0,0,0,0,0,1,0,0,0,0,0,0,0,0,1,1,0,0,0,1,0,0,1,0,0,0,0
2016/04/03,0,0,0,0,0,0,0,0,0,0,0,0,0,0,0,5,1,0,0,0,1,0,1,0,1,1,0,0,0,0,0,1,1,0,0,0,0,0,1,0,0,0,1,0,0,0,0,0,0,0,0,0,0,0,1,0,0,0,0,0,0,0,0,0,0,0,1,0,0,0,0,0,4,0,0,0,0,0,0,1,0,0,0,0,1,1,0,1,0,0,0,0,0,0
2016/04/04,0,0,0,1,1,0,0,0,0,0,0,0,0,0,0,0,0,0,3,4,0,1,6,0,0,8,0,1,0,0,3,5,3,0,0,0,0,2,0,0,1,1,1,2,0,0,0,0,0,0,1,1,1,0,0,4,1,0,0,1,1,5,0,3,2,1,0,6,7,0,1,0,26,6,0,0,0,0,0,1,0,1,1,1,2,4,3,9,0,0,1,0,1,1
2016/04/05,0,0,1,0,0,1,0,0,0,1,0,0,0,0,0,0,0,0,0,4,1,2,0,0,0,2,0,0,0,0,2,2,3,1,1,0,0,2,2,3,0,1,2,0,0,0,0,0,0,0,0,0,2,0,0,0,0,0,0,1,0,1,0,0,2,2,1,1,5,1,0,0,1,0,0,0,1,0,1,1,2,0,1,0,1,0,1,5,1,1,0,2,0,0
2016/04/06,0,0,0,1,0,0,0,0,0,2,0,0,0,0,0,1,0,0,0,2,2,4,8,0,0,3,0,6,0,0,1,4,3,2,1,0,2,0,3,0,1,1,0,1,0,0,1,0,0,1,1,1,0,0,0,4,0,2,0,1,0,1,0,1,1,1,0,2,13,1,1,0,13,1,1,0,1,0,0,0,1,1,1,0,8,4,0,8,1,0,0,2,0,0
2016/04/07,0,0,0,3,2,0,0,0,0,0,0,0,0,0,0,0,0,0,0,2,0,1,1,2,0,3,0,3,0,0,0,0,8,0,0,0,0,1,3,0,0,2,1,0,0,0,2,0,2,0,1,0,0,1,1,2,1,0,0,2,1,0,0,0,2,0,0,1,4,0,0,0,2,0,0,0,4,0,0,0,1,1,3,0,4,1,0,2,1,0,0,0,0,0
2016/04/08,0,0,0,1,0,1,0,0,0,0,0,0,0,0,0,0,0,0,0,0,2,3,2,1,1,3,0,0,0,0,0,1,3,0,0,1,1,0,1,1,0,0,1,0,0,0,0,0,1,0,1,0,0,0,1,2,1,1,0,3,0,0,0,1,0,0,0,3,10,2,0,1,7,2,0,0,0,0,0,0,0,0,1,0,0,2,0,8,0,0,0,0,0,0
2016/04/09,0,0,0,0,0,0,0,1,0,0,0,0,0,0,0,1,0,0,0,0,0,0,0,0,0,1,0,0,0,0,0,0,0,0,0,0,0,0,1,0,0,0,0,0,0,0,0,0,0,0,0,0,0,0,0,0,0,0,0,0,0,0,0,0,0,0,0,0,0,0,0,0,0,0,0,0,0,0,0,0,0,0,0,0,0,0,0,0,0,0,0,0,0,0
2016/04/10,0,0,0,0,0,0,0,0,0,0,0,0,0,0,0,0,0,0,0,0,0,0,0,0,0,0,0,2,0,0,0,0,1,1,0,0,0,0,0,0,0,0,0,0,0,0,0,0,0,0,0,0,0,0,0,0,0,0,0,0,0,0,0,0,0,0,0,0,0,0,0,0,0,0,0,0,0,0,0,0,0,1,0,0,0,0,0,0,0,0,0,0,0,0
2016/04/11,0,0,0,1,0,0,0,0,0,1,0,0,0,0,0,0,0,0,0,2,0,4,7,0,0,1,0,1,0,0,2,0,4,1,0,0,3,2,1,1,0,2,0,0,0,0,0,0,0,0,2,1,0,0,2,1,1,2,1,0,0,1,0,0,1,0,0,1,8,1,0,0,2,2,0,0,2,0,0,1,0,0,0,0,0,1,0,16,0,0,0,0,0,0
2016/04/12,0,0,0,0,0,1,0,0,0,3,0,0,0,0,0,1,0,0,0,3,0,2,2,1,3,2,0,0,0,0,3,1,3,0,0,0,1,0,0,0,2,0,0,0,0,0,0,0,0,0,0,0,0,1,1,5,0,1,0,0,0,0,0,0,0,0,0,0,3,2,0,0,2,0,0,0,0,1,0,0,0,0,0,1,2,4,1,13,2,0,0,0,0,0
2016/04/13,0,0,0,1,0,0,0,1,0,2,0,0,0,0,0,0,0,1,0,1,0,1,0,2,0,2,0,0,0,0,3,1,3,0,1,0,0,1,1,1,0,1,1,0,0,0,0,0,0,0,1,3,0,0,0,3,0,0,0,2,0,0,0,2,0,1,0,2,4,2,0,0,1,1,0,0,3,0,0,0,1,1,0,0,3,1,1,0,0,0,0,0,0,1
2016/04/14,0,0,0,0,0,1,0,0,0,2,0,1,0,0,0,1,1,0,0,3,1,0,1,1,1,2,0,2,0,0,0,2,4,0,0,0,1,2,1,0,0,0,1,0,0,0,1,0,2,0,0,0,0,0,0,1,0,0,0,0,0,0,0,5,0,0,0,3,1,2,0,0,2,0,0,0,2,0,0,1,0,1,0,0,3,0,1,9,2,0,0,0,0,1
2016/04/15,0,0,0,0,0,0,0,1,0,0,0,2,0,0,0,3,0,1,0,4,2,2,2,2,1,2,0,1,0,0,5,1,3,1,0,0,0,2,1,0,1,1,1,0,0,0,0,0,0,2,0,0,1,0,0,1,0,0,1,1,0,0,0,5,1,1,1,3,23,3,2,0,24,4,2,0,1,0,1,0,2,1,0,0,3,1,5,17,0,1,0,1,0,1
2016/04/16,0,0,0,0,0,0,0,0,0,0,0,0,0,0,0,0,0,0,0,1,0,0,1,0,0,0,0,0,0,0,1,2,4,0,0,0,0,1,0,0,0,0,0,0,0,0,0,0,0,0,0,0,0,0,0,0,0,0,0,0,0,0,0,0,0,0,0,0,0,0,0,0,0,0,0,0,0,0,1,0,0,0,0,0,0,0,0,1,0,0,0,0,0,0
2016/04/17,0,0,0,0,0,0,0,0,0,0,0,0,0,0,0,0,0,0,0,1,0,3,2,0,0,0,0,0,0,0,0,0,0,0,0,0,0,0,0,0,0,0,0,0,0,0,0,0,0,0,0,0,0,0,0,0,0,0,0,0,0,0,0,0,0,0,0,0,1,0,0,0,0,0,0,0,0,0,0,0,1,0,0,0,0,0,0,0,0,0,0,0,0,0
2016/04/18,0,0,0,0,0,0,0,1,0,2,0,1,0,0,0,2,0,0,0,2,1,1,4,0,0,2,0,1,0,0,1,0,2,0,1,0,0,1,2,0,1,1,0,0,0,0,0,0,0,0,0,1,0,0,0,0,0,0,0,0,0,0,0,2,0,0,0,0,3,0,1,0,1,0,0,0,1,0,1,0,0,0,0,0,3,2,0,7,0,0,0,0,0,0
2016/04/19,0,0,0,0,0,0,0,0,0,1,0,0,0,0,0,0,0,0,0,1,0,2,1,0,1,0,0,1,0,0,1,4,4,0,0,0,0,3,1,0,0,1,0,1,0,0,0,0,0,0,0,0,0,0,0,0,0,2,0,0,0,1,0,0,0,0,0,0,0,7,0,0,1,1,0,0,1,1,0,0,1,0,0,0,0,1,0,9,1,0,0,1,0,0
2016/04/20,0,0,0,0,0,0,0,2,0,0,0,0,0,0,0,0,1,1,1,3,1,0,3,0,0,6,0,0,0,0,1,1,3,0,0,0,0,1,1,0,1,0,1,0,0,1,1,0,0,0,0,0,0,2,0,1,0,0,0,0,1,0,0,1,1,0,1,4,5,0,2,0,3,0,0,0,1,0,0,0,0,0,0,0,1,1,0,10,1,0,0,0,0,0
2016/04/21,0,0,0,1,0,0,0,0,0,0,0,0,0,0,0,0,0,0,0,0,0,0,0,0,1,0,0,0,0,0,1,0,0,0,0,0,0,1,0,0,0,1,0,0,0,0,0,0,0,0,0,0,0,0,0,0,0,0,0,0,0,0,0,0,0,0,0,0,1,1,0,0,0,1,0,0,1,0,0,0,0,0,0,0,0,0,0,0,0,0,0,0,0,0
2016/04/22,0,0,1,0,0,0,0,0,0,1,1,0,0,0,0,2,0,0,0,18,1,1,8,0,1,55,0,35,1,0,16,13,10,6,1,0,6,6,47,7,5,0,3,0,0,0,0,0,0,1,0,6,3,0,22,7,2,1,0,1,0,1,0,1,0,0,0,5,6,1,0,0,1,0,0,1,6,2,3,1,4,0,1,0,2,11,0,4,0,1,0,1,0,0
2016/04/23,0,0,0,0,0,0,0,0,0,1,0,0,0,0,0,0,0,0,0,0,0,0,0,0,0,0,0,0,0,0,0,0,0,0,0,0,0,0,0,0,0,0,1,0,0,0,0,0,0,0,0,0,0,0,0,0,0,0,0,0,0,0,0,0,0,0,0,0,0,0,0,0,0,0,0,0,0,0,0,0,1,0,0,0,0,0,0,1,0,0,0,0,0,0
2016/04/24,0,0,0,0,0,0,1,0,0,0,0,1,0,0,0,0,0,0,0,0,0,0,0,0,0,1,0,0,0,0,0,0,0,0,1,0,0,0,0,0,0,0,2,0,0,0,0,0,0,0,1,0,0,0,0,0,0,0,0,0,0,0,0,0,0,0,0,0,1,0,0,0,0,0,0,0,0,0,0,0,0,0,0,0,0,1,0,0,0,0,0,0,0,0
2016/04/25,1,0,0,0,0,0,0,0,0,0,0,0,0,0,0,0,0,1,0,1,1,3,2,0,0,2,0,0,3,0,2,0,2,0,3,0,0,2,3,1,0,1,1,0,0,0,0,0,0,0,0,0,1,1,1,1,1,0,2,0,0,0,0,0,0,0,0,0,7,4,1,0,1,0,0,1,2,1,1,1,0,0,0,0,2,2,0,8,0,0,1,1,0,0
2016/04/26,0,0,0,2,0,0,0,0,0,0,0,1,0,0,0,0,0,0,1,3,2,2,6,0,0,2,0,0,0,0,3,0,3,1,0,0,2,2,0,0,0,0,0,0,0,0,0,0,0,0,0,0,0,1,0,1,0,1,7,0,0,1,0,2,2,4,0,8,4,8,0,0,2,0,0,0,3,1,0,1,1,1,0,1,5,2,2,12,2,0,0,1,0,0
2016/04/27,0,0,0,1,0,0,0,0,0,0,0,0,0,0,0,0,0,0,0,1,2,0,4,0,0,1,0,0,1,0,6,3,0,0,3,0,0,0,1,0,0,0,0,1,0,0,0,0,1,0,0,0,1,1,0,1,0,0,0,2,1,0,0,1,2,1,1,2,5,3,1,0,8,1,0,0,0,0,0,1,0,1,0,0,3,1,1,10,0,0,0,1,0,0
2016/04/28,0,0,0,0,0,0,0,1,0,1,0,0,0,0,0,0,0,0,0,2,0,0,1,0,0,0,0,1,0,1,6,1,3,0,0,0,0,0,0,0,0,0,1,0,0,0,0,0,0,0,0,0,0,0,1,1,0,0,3,0,0,3,0,1,2,2,1,6,7,8,2,0,4,5,1,0,0,2,1,1,0,1,0,0,2,5,1,0,1,0,0,2,0,0
2016/04/29,0,0,1,0,0,1,0,1,0,0,0,0,0,0,1,1,0,0,0,0,4,1,0,0,1,0,0,1,0,0,1,0,1,0,0,1,1,1,0,0,1,0,1,0,0,0,0,0,1,0,0,0,0,1,0,1,0,0,1,1,1,0,0,1,2,0,1,4,3,4,2,0,7,0,1,0,0,1,1,0,4,0,2,0,3,4,1,0,0,0,1,0,0,0
2016/04/30,0,0,0,0,0,0,0,0,0,0,0,0,0,0,0,0,0,0,0,0,0,0,0,0,0,2,0,0,0,0,0,0,1,0,0,0,0,0,0,0,0,0,0,0,0,0,0,0,0,0,0,0,0,0,0,1,0,0,0,0,0,0,0,0,0,0,0,0,0,0,0,0,0,0,0,0,0,0,0,0,0,0,0,0,0,0,0,0,0,0,0,0,0,0
2016/05/01,0,0,2,0,0,0,0,0,0,0,0,0,0,0,0,0,0,0,0,0,0,0,0,0,0,0,0,0,0,0,1,0,0,1,0,0,1,0,0,0,0,0,0,0,0,0,0,0,0,0,0,0,0,0,0,0,0,0,0,0,0,0,0,0,0,0,0,0,0,1,0,0,1,0,0,0,1,0,0,0,0,0,0,0,0,0,0,0,0,0,0,0,0,0
2016/05/02,0,0,3,2,0,0,0,0,0,3,0,0,0,0,0,1,1,1,1,3,2,2,3,2,2,4,0,2,0,0,1,1,1,1,1,0,0,3,0,1,0,2,1,0,0,2,0,0,2,0,0,0,0,0,1,0,0,2,0,0,0,0,0,0,3,0,1,5,6,4,0,0,7,0,0,3,2,0,0,1,4,1,3,0,1,2,0,8,0,0,0,0,1,1
2016/05/03,0,0,1,0,0,1,0,2,0,1,0,0,0,0,0,1,0,0,0,1,0,1,1,1,1,0,0,0,0,0,1,1,1,0,0,0,2,0,0,0,0,0,0,0,0,0,0,0,0,0,1,0,0,0,0,0,0,0,1,0,0,0,0,1,1,2,1,3,5,5,5,0,10,1,1,0,1,1,0,0,2,1,1,0,1,0,1,5,0,1,0,0,0,1
2016/05/04,0,0,1,0,0,0,0,1,0,1,0,0,0,0,0,0,1,0,0,1,0,0,0,1,1,1,0,1,0,0,1,0,1,1,0,1,1,0,1,1,0,1,3,0,0,0,0,0,1,0,1,0,0,0,0,1,1,0,1,1,0,1,0,3,4,1,0,7,3,4,1,0,2,1,1,0,0,0,0,0,0,0,0,0,0,3,1,1,1,0,0,1,0,1
2016/05/05,0,0,1,1,0,0,1,0,0,0,0,0,0,0,0,0,1,0,0,2,1,1,2,1,1,4,0,0,0,0,1,0,1,0,1,0,0,0,0,0,1,0,0,0,0,0,0,0,1,0,0,0,1,0,0,2,0,0,0,0,0,0,0,1,2,1,0,1,4,4,2,0,2,0,0,0,3,2,4,2,2,0,1,0,1,2,1,18,0,0,1,0,0,0
2016/05/06,0,0,0,1,0,0,0,1,0,0,0,0,0,0,0,0,0,0,0,0,0,0,1,0,0,2,0,1,0,0,0,1,2,0,2,0,1,1,0,0,0,0,0,0,0,0,0,0,1,0,0,0,0,0,0,0,0,0,0,0,0,0,0,1,1,0,0,16,5,5,0,0,2,0,0,0,0,1,1,1,1,0,0,0,1,2,0,10,0,1,0,0,0,1
2016/05/07,0,0,0,0,0,0,0,0,0,2,0,0,0,0,0,0,0,0,0,0,0,0,0,0,0,0,0,0,0,0,0,0,1,0,0,0,0,0,0,0,0,0,1,0,0,0,0,0,0,0,0,0,0,0,0,0,0,0,0,0,0,0,0,0,0,0,0,0,0,0,0,0,0,0,0,0,0,0,0,0,0,0,1,0,0,0,0,0,0,0,0,0,0,0
2016/05/08,0,0,0,0,0,0,0,0,0,1,0,0,0,0,0,0,0,0,0,1,0,0,1,0,0,0,0,0,0,0,1,1,0,0,0,0,0,0,0,0,0,0,0,0,0,0,0,0,1,0,0,0,0,0,0,0,0,0,0,0,0,0,0,0,0,0,0,0,0,0,0,0,0,0,0,0,1,0,0,0,0,0,0,0,0,2,0,0,0,0,0,0,0,0
2016/05/09,0,0,1,0,0,0,0,1,0,1,0,0,0,0,0,0,0,0,0,0,0,1,0,1,0,0,0,0,0,0,1,0,0,0,0,0,0,0,0,0,0,0,0,0,0,0,0,0,0,0,0,0,0,0,0,1,0,0,0,0,0,0,0,0,1,0,0,1,2,5,0,0,0,0,2,0,0,0,2,0,0,0,0,0,0,2,0,9,0,0,0,0,0,0
2016/05/10,0,0,0,1,0,0,0,1,0,0,0,0,0,0,0,0,0,0,1,1,1,0,0,0,0,0,0,1,0,0,1,2,6,0,0,0,1,0,2,0,0,1,0,0,0,0,1,0,0,0,0,0,0,0,0,0,1,0,0,0,0,0,0,0,1,0,0,1,3,2,0,0,2,0,1,0,1,0,0,0,0,0,2,0,3,0,0,1,1,0,0,1,0,0
2016/05/11,0,0,0,3,0,0,0,0,0,0,0,0,0,0,0,0,0,0,0,0,0,2,3,1,0,2,0,1,0,0,0,1,0,1,0,0,0,1,0,0,0,0,0,0,0,0,0,0,0,0,1,0,0,1,0,0,0,1,0,0,0,0,0,1,0,0,1,0,0,1,0,0,2,0,0,0,2,0,0,0,0,0,2,0,2,1,1,8,0,0,0,1,0,0
2016/05/12,0,0,0,1,0,0,0,0,0,2,0,1,0,0,0,0,0,0,0,1,1,1,0,0,0,0,0,2,0,0,0,0,1,0,0,2,0,0,1,0,0,0,0,0,0,0,0,0,0,0,0,1,0,0,1,1,0,0,0,0,0,0,0,2,1,1,0,5,5,5,0,0,7,2,0,0,2,1,1,2,0,0,1,0,0,1,0,4,0,0,1,1,0,0
2016/05/13,0,0,0,0,0,0,0,0,0,2,0,0,0,0,0,0,0,0,0,0,1,1,3,0,0,0,0,1,0,0,0,0,1,0,0,0,0,0,0,0,0,0,2,0,0,0,0,0,1,0,0,0,0,1,1,0,0,0,1,0,0,0,0,0,0,0,0,6,11,7,3,1,2,0,0,0,1,0,3,0,4,0,0,0,2,3,1,9,0,0,0,0,0,0
2016/05/14,1,0,0,0,0,0,0,0,0,0,0,0,0,0,0,0,0,0,2,1,0,0,0,0,0,0,0,0,0,0,0,0,0,0,0,0,0,0,0,0,0,0,0,0,0,0,0,0,0,0,0,0,0,0,1,0,0,0,0,0,0,0,0,0,1,0,0,0,0,0,0,0,0,0,0,0,1,0,0,0,0,0,0,0,0,0,0,2,0,0,0,0,0,0
2016/05/15,0,0,0,0,0,0,0,0,0,1,0,0,0,0,0,0,0,0,1,0,0,0,0,0,0,0,0,1,0,0,0,0,0,0,0,0,0,2,0,0,0,0,0,0,0,0,0,0,0,0,0,0,0,0,0,0,0,0,0,0,0,0,0,0,0,0,0,0,0,0,0,0,0,0,0,1,0,0,0,0,0,0,0,0,0,0,0,2,0,0,0,0,0,0
2016/05/16,0,0,1,1,1,1,0,1,0,1,0,0,0,0,0,0,0,0,0,0,1,1,7,0,0,1,0,2,0,0,1,1,5,0,1,0,1,1,2,0,0,0,1,0,0,0,0,1,1,0,0,0,2,0,0,2,0,0,0,0,1,0,0,0,0,1,0,2,7,2,1,0,2,1,0,0,2,2,2,2,4,1,2,0,2,2,2,14,0,0,0,0,0,0
2016/05/17,0,0,2,0,0,1,0,0,0,1,0,0,0,0,0,0,0,0,0,1,0,2,5,0,2,2,0,2,1,0,0,2,4,1,0,1,0,1,3,0,1,0,1,0,0,0,0,0,0,0,0,1,0,0,1,0,0,0,0,0,1,0,0,0,1,0,0,1,3,6,1,0,2,0,0,0,2,1,0,0,1,1,1,0,3,2,0,6,2,0,1,0,1,0
2016/05/18,1,0,0,0,0,0,0,2,0,1,0,0,0,0,0,0,0,0,0,0,0,2,1,1,1,0,0,1,0,0,0,1,2,0,0,0,1,1,1,1,1,0,0,0,1,0,0,0,0,1,0,0,1,0,0,0,1,0,1,0,0,1,0,2,0,0,0,4,12,7,0,2,6,2,0,0,0,0,0,2,2,0,1,0,0,2,1,1,0,0,0,0,0,0
2016/05/19,1,1,0,2,0,0,0,0,0,2,0,0,0,0,0,0,0,1,0,1,2,0,3,0,1,2,0,2,0,0,3,0,6,2,1,0,0,1,2,0,0,0,1,0,0,0,0,0,0,0,0,0,0,0,0,0,0,0,0,0,1,1,0,0,0,1,0,4,6,7,1,0,8,3,0,0,3,0,1,1,0,0,1,0,1,6,1,2,0,0,1,0,0,0
2016/05/20,0,0,0,1,0,0,0,2,0,2,0,0,0,0,0,0,0,0,3,1,1,0,3,0,0,3,0,1,0,0,1,0,2,0,0,5,1,0,0,0,1,0,1,0,0,0,0,0,0,0,1,0,0,0,0,2,0,0,2,0,0,0,0,1,0,0,1,3,5,4,1,0,4,0,0,0,3,2,0,1,3,0,4,0,3,1,0,6,0,0,0,2,0,1
2016/05/21,0,0,0,0,0,0,0,0,0,0,0,0,0,0,0,0,0,0,0,0,0,0,0,0,0,0,0,0,0,0,2,0,0,1,0,0,0,0,0,0,0,0,1,0,0,0,0,0,0,0,0,0,0,0,0,0,0,0,1,0,0,0,0,0,0,0,0,0,0,0,0,0,2,0,0,0,0,0,0,0,0,0,0,0,0,0,0,1,0,0,0,0,0,0
2016/05/22,0,0,0,0,0,0,0,0,0,3,0,0,0,0,0,0,0,0,0,1,0,0,1,0,0,0,0,0,1,0,1,0,0,1,0,0,0,0,0,0,0,0,0,0,0,0,0,0,0,0,0,0,0,0,0,0,0,0,0,0,0,0,0,0,0,0,0,0,2,0,0,0,0,0,0,0,0,1,0,0,0,0,0,0,0,0,0,2,0,0,0,0,0,0
2016/05/23,1,0,2,3,0,0,0,1,0,2,1,0,1,1,0,0,0,0,1,1,0,1,3,1,0,2,0,0,0,0,0,0,0,0,0,0,0,0,0,0,0,1,2,1,0,0,1,0,0,1,0,0,0,2,2,1,0,0,0,0,0,0,0,1,1,0,0,5,4,7,0,0,4,0,0,1,3,0,1,0,4,1,1,0,0,1,0,6,1,1,0,0,0,1
2016/05/24,0,0,1,0,0,0,0,1,0,1,0,0,0,0,0,0,0,0,0,0,3,2,0,0,0,1,0,0,0,0,0,1,0,2,0,0,0,0,0,1,1,0,0,0,0,0,0,0,0,0,0,1,1,0,0,0,0,1,0,0,0,0,0,1,0,0,0,1,1,5,0,0,1,0,0,0,0,0,0,1,1,3,0,0,1,1,0,8,0,0,0,0,0,1
2016/05/25,0,1,0,3,0,0,0,1,0,2,0,0,0,0,0,0,0,0,0,0,0,3,1,0,0,1,0,0,0,0,0,0,1,1,0,0,1,1,1,0,0,2,2,0,0,0,0,0,0,1,0,0,2,0,1,0,0,0,0,1,0,0,0,1,0,0,0,0,1,3,1,0,4,1,0,0,2,0,0,1,2,0,1,0,5,1,0,4,0,0,0,1,0,0
2016/05/26,0,0,0,0,0,0,0,1,0,0,0,0,0,0,0,0,0,0,0,1,0,0,4,0,0,2,0,1,0,0,2,0,3,0,0,0,0,0,1,0,1,0,0,0,0,0,0,0,0,1,0,1,0,0,0,0,0,0,0,0,1,0,0,0,0,1,0,2,5,0,0,0,5,1,0,0,1,0,0,0,0,0,0,0,1,3,2,8,0,0,0,0,0,0
2016/05/27,0,0,0,0,0,0,0,2,0,2,0,0,0,0,0,0,0,0,0,0,0,1,0,1,1,0,1,0,0,0,0,0,2,0,0,0,0,0,0,0,0,2,0,1,0,0,0,0,0,0,0,0,0,1,0,0,0,0,0,0,0,0,0,2,0,0,0,1,6,8,0,0,3,0,0,0,1,0,0,1,2,0,0,0,2,0,1,4,0,0,0,0,0,0
2016/05/28,0,0,0,0,0,0,0,0,0,0,0,0,0,0,0,0,0,0,0,0,0,0,0,0,0,0,0,0,0,0,0,0,0,0,0,0,0,0,0,0,0,0,0,0,0,0,0,0,0,0,0,0,0,0,0,0,0,0,0,0,0,0,0,0,0,0,0,0,0,0,0,0,0,0,0,0,0,0,0,0,0,0,0,0,0,0,0,0,0,0,0,0,0,0
2016/05/29,0,0,0,1,0,0,0,0,0,2,0,0,0,0,0,0,0,0,0,0,0,1,0,0,0,0,0,0,0,0,0,0,0,0,0,0,0,0,0,0,0,0,0,0,0,0,0,0,0,0,0,0,0,0,0,0,0,0,0,0,0,0,0,0,0,0,0,0,0,0,0,0,0,0,0,0,0,0,0,0,0,0,0,0,0,0,0,2,0,0,0,0,0,0
2016/05/30,0,0,0,0,1,0,0,0,0,1,0,0,0,0,0,0,0,0,1,0,3,2,1,0,0,0,0,0,0,0,0,0,0,2,0,0,0,0,0,0,0,0,1,0,0,0,0,0,0,0,0,1,0,0,0,1,0,0,0,0,0,0,0,0,0,0,0,1,2,0,1,0,0,0,0,0,1,0,0,0,0,1,0,0,3,0,1,0,0,0,0,0,0,0
2016/05/31,0,0,1,3,0,1,0,1,0,1,0,0,0,0,0,0,0,0,0,0,3,0,1,0,0,2,0,0,0,0,1,0,0,0,0,1,0,0,0,1,0,0,0,0,0,0,0,0,0,0,1,0,0,0,0,0,0,0,1,0,0,0,0,3,0,1,1,5,2,9,0,0,3,0,1,0,2,1,1,0,0,2,1,0,2,1,0,3,1,0,1,0,0,0
2016/06/01,0,0,0,0,0,0,0,0,0,1,0,0,1,0,0,0,0,0,0,1,1,0,3,1,0,2,0,0,0,0,2,0,0,1,0,8,0,0,1,1,0,0,0,0,0,0,0,0,0,0,0,0,0,0,0,0,0,0,1,0,0,0,0,0,0,1,0,1,5,2,0,0,1,0,0,0,0,0,0,0,1,0,2,0,0,0,0,1,0,0,0,0,0,0
2016/06/02,0,0,1,3,0,0,0,0,0,1,0,0,0,0,0,0,0,0,0,0,0,1,0,1,1,1,0,0,0,0,0,0,0,0,0,0,0,0,0,0,0,0,0,0,0,0,0,0,0,0,0,0,0,0,0,0,0,0,0,0,0,0,0,2,0,0,0,1,2,0,0,0,2,0,0,0,0,0,0,1,2,0,0,0,1,0,3,5,0,0,0,1,0,0
2016/06/03,0,0,1,3,0,0,0,0,0,1,0,0,0,0,0,0,0,0,0,0,0,0,3,0,0,0,0,0,0,0,0,0,0,0,0,0,0,0,0,0,0,0,0,0,0,0,0,0,0,0,0,0,0,0,0,0,1,0,1,0,0,0,0,2,1,0,0,1,2,3,0,0,0,0,1,1,0,0,1,0,2,0,0,0,0,0,0,3,1,0,0,0,0,0
2016/06/04,0,0,0,0,0,0,0,0,0,0,0,0,0,0,0,0,0,0,0,0,0,0,0,0,0,0,0,0,0,0,0,0,0,0,0,0,0,0,0,0,0,0,0,0,0,0,0,0,0,0,0,0,0,0,0,0,0,0,0,0,0,0,0,0,0,0,0,0,0,0,0,0,0,0,0,0,0,0,0,0,0,0,0,0,0,0,0,1,0,0,0,0,0,0
2016/06/05,0,0,0,0,0,0,0,0,0,0,0,0,0,0,0,0,0,0,0,0,0,1,0,0,0,0,0,0,0,0,0,0,0,0,0,0,0,0,0,0,0,0,0,0,0,0,0,0,0,0,0,0,0,0,0,0,0,0,0,0,0,0,0,0,0,0,0,0,0,0,0,0,0,0,0,0,0,0,0,0,0,0,0,0,0,0,0,0,0,0,0,0,0,0
2016/06/06,0,0,0,1,0,1,0,0,0,0,0,0,0,0,0,1,0,0,0,0,0,0,1,1,0,2,0,1,0,0,1,0,0,0,0,0,0,1,0,0,0,0,0,0,0,0,0,0,0,0,0,0,0,0,0,0,0,0,0,0,0,0,0,2,0,0,0,3,2,2,0,0,0,0,0,0,0,0,0,2,2,0,1,1,1,2,0,3,1,0,0,1,0,0
2016/06/07,0,0,0,1,0,0,0,0,0,0,0,0,0,0,0,0,0,0,0,1,1,1,2,0,0,0,0,0,0,0,0,0,0,0,0,0,0,0,0,0,0,0,0,0,0,0,0,0,0,0,0,0,0,0,0,0,0,0,0,0,0,0,0,0,0,0,0,1,2,6,1,0,3,0,0,0,0,1,0,1,2,0,0,0,5,2,1,4,0,1,0,1,0,0
2016/06/08,0,0,0,2,0,0,0,0,0,1,0,1,0,0,0,0,0,0,0,1,0,1,0,0,0,1,0,0,0,0,0,0,0,0,0,0,0,0,1,0,0,0,0,0,0,0,0,0,0,0,0,0,0,0,0,0,0,0,0,0,0,0,0,0,0,0,0,1,2,3,0,0,0,0,0,0,1,1,0,1,0,0,0,0,0,0,0,0,0,0,0,0,0,0
2016/06/09,0,0,0,1,0,1,0,1,0,0,0,0,0,0,0,0,0,0,1,0,1,1,0,0,1,1,0,1,0,0,0,0,1,0,0,0,0,0,0,1,0,0,1,0,0,0,0,0,0,0,0,0,0,1,1,0,0,1,0,0,0,0,0,0,1,0,0,2,1,1,1,0,0,0,0,0,2,1,1,0,2,0,1,0,1,2,2,1,1,0,1,0,0,0
2016/06/10,0,0,0,0,0,0,0,0,0,2,0,2,0,0,0,1,0,0,1,0,0,0,0,1,0,1,0,0,0,0,0,0,0,0,0,0,0,0,0,0,0,0,0,0,0,0,0,0,0,0,0,0,0,0,0,0,0,0,2,27,0,0,0,1,0,1,0,2,1,3,2,0,0,0,0,0,0,0,1,0,0,1,0,1,3,1,2,1,0,0,0,1,0,0
2016/06/11,0,0,0,1,0,0,0,0,0,0,0,0,0,0,0,0,0,0,0,0,0,0,1,0,0,0,0,0,0,0,0,0,0,0,0,0,0,0,0,0,0,0,0,0,0,0,0,0,0,0,0,0,0,0,0,0,0,0,0,0,0,0,0,0,0,0,0,0,0,0,0,0,0,0,0,0,0,0,0,0,0,0,0,0,0,0,0,3,0,0,0,0,0,0
2016/06/12,0,0,0,0,0,0,0,0,0,0,0,0,0,0,0,0,0,0,1,0,0,0,0,0,0,0,0,3,0,0,0,0,0,0,0,0,0,0,0,0,0,0,0,0,0,0,0,0,1,0,0,0,0,0,0,0,0,0,0,0,0,0,0,0,0,0,0,0,0,0,0,0,0,0,0,0,0,0,0,0,0,0,0,0,0,0,0,0,0,0,0,0,0,0
2016/06/13,0,0,4,5,0,1,0,1,0,5,0,0,0,0,0,0,0,0,0,0,1,0,1,1,0,0,0,0,0,0,0,0,5,0,0,1,0,1,0,2,0,0,0,0,0,0,0,0,0,0,0,0,0,1,0,0,0,0,6,6,0,2,0,0,1,0,0,2,1,5,3,0,2,0,0,0,0,2,0,2,2,1,0,0,1,1,4,3,0,0,0,0,0,0
2016/06/14,1,0,0,1,0,1,0,0,0,0,0,0,0,0,0,0,0,0,1,1,1,2,1,0,0,0,0,1,0,0,0,1,0,0,0,0,0,1,0,0,0,0,0,0,0,0,0,0,0,0,0,0,0,1,0,1,0,0,1,1,0,0,0,1,0,1,0,2,2,5,0,0,1,0,0,0,0,0,0,0,2,0,1,0,1,0,2,2,0,1,1,0,0,1
2016/06/15,0,0,0,1,0,0,0,1,0,2,0,1,0,0,0,0,0,0,1,1,0,0,2,0,1,1,0,1,0,0,1,0,0,0,0,0,1,0,0,1,0,0,0,0,0,0,0,0,1,0,0,0,0,0,0,0,0,1,0,0,0,1,0,0,0,0,0,3,0,2,0,0,3,0,0,0,0,0,0,0,3,0,1,0,1,2,1,6,1,0,0,0,0,0
2016/06/16,0,0,0,0,0,0,0,0,0,1,0,0,0,0,0,0,0,0,0,0,2,1,1,0,0,0,0,0,0,0,0,1,1,1,0,0,0,0,0,0,0,0,0,0,0,0,0,0,0,2,0,0,0,0,1,0,0,0,0,0,0,0,0,0,0,0,0,1,2,3,0,0,1,0,0,0,3,1,0,2,1,0,0,0,3,3,0,1,0,0,0,0,0,0
2016/06/17,0,0,1,1,0,0,0,0,0,1,0,0,0,0,0,1,1,0,7,0,0,0,2,0,0,0,0,0,0,0,0,0,0,0,0,0,0,0,0,0,1,0,1,0,0,0,0,0,0,0,0,0,0,0,0,0,0,0,0,2,0,0,0,0,0,0,0,3,0,1,1,0,3,0,0,0,1,0,1,1,0,1,0,0,0,0,0,3,0,0,0,0,0,0
2016/06/18,0,0,0,0,0,0,0,0,0,0,0,0,0,0,0,0,0,0,0,1,0,0,0,0,0,0,0,0,0,0,0,0,0,0,0,0,0,0,0,0,0,0,0,0,0,0,0,0,0,0,0,1,0,0,0,0,0,0,0,0,0,0,0,0,0,0,0,0,0,0,0,0,0,0,0,0,0,0,0,0,0,0,0,0,1,0,0,5,0,0,0,0,0,0
2016/06/19,0,0,0,0,0,0,0,0,0,0,0,0,0,0,0,0,0,0,0,0,0,0,0,0,0,0,0,0,0,0,0,0,0,0,0,0,0,0,0,0,0,0,0,0,0,0,0,0,0,0,0,0,0,0,0,0,0,0,0,0,0,0,0,0,0,0,0,1,1,0,0,0,0,0,0,0,0,0,0,0,0,0,0,0,0,1,0,1,0,0,0,0,0,0
2016/06/20,0,0,0,1,1,0,0,0,0,0,0,0,0,0,0,0,0,0,1,2,1,0,2,0,0,3,0,1,0,0,0,1,1,0,0,0,1,0,0,0,0,1,0,0,0,0,0,0,0,0,0,1,1,0,1,0,0,0,3,1,0,0,0,0,0,1,0,1,1,0,0,0,0,0,0,0,0,1,0,0,2,0,1,0,3,0,0,1,0,0,1,0,0,0
2016/06/21,0,0,0,0,0,0,0,0,0,2,0,0,0,0,0,0,0,0,0,1,0,1,2,0,0,1,0,0,4,0,0,1,1,0,0,0,0,1,1,0,0,0,3,0,0,0,0,0,0,0,0,0,0,0,0,0,0,0,0,0,0,0,0,1,0,0,0,2,2,1,0,0,0,0,0,0,3,2,1,1,0,0,4,0,2,0,0,4,0,0,0,0,0,0
2016/06/22,0,0,0,1,0,0,0,0,0,0,0,0,0,0,0,0,0,0,0,1,1,1,1,0,0,0,0,0,0,0,1,0,0,1,0,0,0,0,0,0,0,0,0,0,0,0,0,0,0,0,1,0,0,0,0,0,0,0,0,0,0,0,0,0,1,0,0,2,3,4,0,0,1,0,0,0,1,0,0,0,0,0,1,0,2,2,0,2,0,0,0,0,0,0
2016/06/23,0,0,0,0,0,0,0,0,0,0,0,0,0,0,0,0,0,0,0,0,0,0,0,0,0,0,0,0,0,0,0,0,0,1,0,0,0,0,0,0,0,0,0,0,0,0,0,0,0,0,0,0,0,0,0,0,0,0,1,0,0,0,0,0,0,0,0,0,0,0,0,0,0,0,0,0,0,0,0,0,0,0,0,0,0,0,0,2,0,0,0,0,0,0
2016/06/24,0,0,0,0,0,0,0,0,0,0,0,0,0,0,0,0,0,0,0,0,0,0,1,0,0,0,0,0,0,0,0,0,0,0,0,0,0,0,0,0,0,0,0,0,0,0,0,0,0,0,0,0,0,0,0,0,0,0,0,0,0,0,0,0,0,0,0,0,0,0,0,0,0,0,0,0,0,0,0,0,0,0,0,0,0,0,0,1,0,0,0,0,0,0
2016/06/25,0,0,0,0,0,0,0,0,0,0,0,0,0,0,0,0,0,0,1,0,0,0,0,0,0,0,0,0,0,0,0,0,0,0,0,0,1,0,0,0,0,0,0,0,0,0,0,0,0,0,0,0,0,0,0,0,0,0,0,0,0,0,0,0,0,0,0,0,2,0,0,0,0,0,0,0,0,0,0,0,0,0,0,0,1,0,0,2,0,0,0,0,0,0
2016/06/26,0,0,0,1,0,0,0,0,0,0,0,0,0,0,0,0,0,0,0,1,0,0,0,0,0,0,0,0,0,0,0,0,0,0,0,0,0,0,0,0,0,0,0,0,0,0,0,0,0,0,0,0,0,0,0,0,0,0,0,0,0,0,0,0,0,0,0,0,0,0,0,0,0,0,0,0,0,0,0,0,0,0,0,0,0,0,1,0,0,0,0,0,0,0
2016/06/27,0,0,0,2,0,0,0,1,0,2,0,1,0,0,0,0,1,1,0,1,1,0,2,0,1,1,0,1,0,0,1,0,3,0,0,0,0,0,0,0,0,0,1,0,0,0,0,0,0,0,0,0,0,0,0,1,0,0,0,0,0,0,0,1,0,0,0,0,3,0,3,0,0,0,0,0,0,0,0,0,3,0,0,0,1,0,1,3,0,0,0,0,0,0
2016/06/28,0,0,1,2,0,0,0,2,0,1,0,0,0,0,0,0,0,0,0,0,2,1,2,1,0,2,0,0,0,0,0,0,1,0,0,0,0,0,0,0,0,0,0,0,0,0,0,0,0,1,0,0,1,0,1,1,0,0,0,0,0,0,0,1,0,0,0,0,1,4,0,0,2,0,0,0,2,1,0,1,1,1,2,0,4,2,1,4,1,0,0,0,0,0
2016/06/29,0,0,1,1,0,0,0,0,0,1,0,0,0,0,0,0,0,0,0,3,0,0,6,1,0,1,0,0,0,0,1,0,0,0,0,0,0,0,0,0,0,0,0,0,0,0,0,1,0,0,0,0,0,0,0,0,0,0,0,1,0,0,0,1,0,1,0,2,1,2,1,0,1,0,0,1,0,2,0,1,0,1,1,1,2,1,0,3,1,0,1,0,0,0
2016/06/30,0,0,1,3,0,0,0,0,0,2,0,0,0,0,0,0,1,0,0,0,0,0,1,0,0,1,0,1,0,0,0,0,0,0,0,0,0,0,0,0,0,0,1,0,0,0,0,0,0,0,0,0,0,0,0,2,0,0,0,2,0,0,0,2,0,0,2,1,3,1,0,0,0,0,0,0,0,1,0,1,0,0,2,0,4,2,0,0,0,2,0,0,0,0
2016/07/01,0,0,0,0,0,0,0,0,0,1,0,0,0,0,0,0,0,0,0,0,1,1,1,0,0,0,0,0,0,0,0,0,0,0,0,0,0,1,0,0,0,1,1,0,0,0,0,0,0,0,0,0,0,0,0,0,0,0,0,5,0,0,0,0,1,0,0,0,1,2,0,0,2,0,0,0,0,0,0,0,1,0,0,0,1,1,0,0,0,0,0,0,0,0
2016/07/02,0,0,0,0,0,0,0,0,0,0,0,0,0,0,0,0,0,0,0,0,0,0,0,0,0,0,0,0,0,0,0,0,0,0,0,0,0,0,0,0,0,0,0,0,0,0,0,0,0,0,0,0,0,0,0,0,0,0,0,0,0,0,0,0,0,0,0,0,0,0,0,0,0,0,0,0,0,0,0,0,0,0,0,0,0,1,0,0,0,0,0,0,0,0
2016/07/03,0,0,0,0,0,0,0,0,0,0,0,0,0,0,0,0,1,0,0,0,0,0,0,1,0,0,0,0,0,0,0,0,0,0,0,0,0,0,0,0,0,0,0,0,0,0,0,0,0,0,0,0,0,0,0,0,0,0,0,0,0,0,0,0,0,0,0,1,0,0,0,0,0,0,0,0,0,0,0,0,0,0,0,0,0,0,0,0,0,0,0,0,0,0
2016/07/04,0,0,1,1,0,1,0,0,0,0,0,0,0,1,0,0,0,0,3,0,0,0,4,2,1,0,0,1,0,0,0,0,0,3,0,0,0,1,0,0,0,0,0,0,0,0,0,0,0,0,0,0,0,0,0,1,0,0,0,0,0,0,0,0,2,1,0,3,5,2,0,0,1,0,0,0,2,3,1,1,0,0,1,0,0,0,0,0,0,0,1,0,0,0
2016/07/05,0,0,0,0,0,0,0,0,0,0,0,0,0,0,0,0,0,0,0,0,0,0,2,0,0,2,0,1,0,0,0,0,0,0,0,1,0,1,0,0,0,0,0,0,0,0,0,0,0,0,0,0,0,0,0,0,0,0,0,0,0,0,0,0,1,0,1,3,1,7,0,0,1,0,0,0,1,3,1,0,0,0,1,0,4,3,1,1,0,0,0,0,0,0
2016/07/06,1,0,0,0,0,1,0,0,0,3,0,0,0,0,0,0,1,0,0,0,1,0,0,0,0,0,0,1,0,0,0,0,0,0,0,0,0,0,0,0,0,0,0,0,0,0,0,0,0,0,0,0,0,0,0,1,0,0,0,0,0,0,0,0,0,1,0,2,2,5,0,0,1,0,0,0,1,0,0,2,1,0,0,0,1,2,1,0,1,0,0,1,0,0
2016/07/07,0,0,1,1,0,0,0,0,0,0,0,0,0,0,0,0,0,0,0,0,1,0,2,0,0,1,0,0,0,0,1,0,2,0,0,0,1,0,0,0,0,1,0,0,0,0,0,0,0,0,0,0,0,0,0,1,0,0,0,0,0,0,0,0,0,0,0,5,1,6,2,0,1,0,0,0,0,0,0,2,0,0,0,0,1,1,0,1,1,0,1,0,0,0
2016/07/08,0,0,0,0,0,0,0,1,0,0,0,0,0,0,0,0,0,0,2,1,0,0,0,1,0,2,0,2,1,1,1,0,0,0,0,0,0,0,1,0,0,0,0,1,0,0,0,0,0,0,0,0,0,0,0,0,0,0,0,0,0,0,0,2,0,0,0,1,0,2,0,0,1,0,0,0,2,0,0,0,0,0,0,0,0,0,0,0,0,0,0,0,0,0
2016/07/09,0,0,0,0,0,0,0,0,0,1,0,0,0,0,0,0,0,0,0,0,0,0,0,0,0,0,0,0,0,0,0,0,0,0,0,0,0,0,0,0,0,0,0,0,0,0,0,0,0,0,0,0,0,0,1,0,0,0,0,0,0,0,0,0,0,0,0,0,0,0,0,0,0,0,0,0,0,0,0,0,0,0,0,0,0,0,0,0,0,0,0,0,0,0
2016/07/10,0,0,0,0,0,0,0,0,0,0,0,0,0,0,0,0,0,0,0,0,0,0,0,0,0,0,0,0,0,0,0,0,0,0,0,0,0,0,0,0,0,0,0,0,0,0,0,0,0,0,0,0,0,0,0,0,0,0,0,0,0,0,0,0,0,0,0,0,0,0,0,0,0,0,0,0,1,0,0,0,0,0,0,0,0,1,0,0,0,0,0,0,0,0
2016/07/11,0,0,1,0,0,0,0,1,0,0,0,0,0,0,0,0,0,0,3,0,0,0,0,0,0,0,0,0,0,0,2,1,1,0,0,0,0,0,0,0,0,0,1,0,0,0,0,0,0,0,0,0,0,0,0,0,0,0,0,0,0,0,0,0,1,0,0,1,0,0,0,0,0,1,0,0,1,0,0,0,0,0,0,0,0,1,0,0,0,0,0,0,0,0
2016/07/12,0,0,0,0,0,0,0,0,0,0,0,0,0,0,0,0,0,0,1,0,0,1,0,0,0,0,0,0,0,0,0,0,0,0,0,0,0,0,0,0,0,0,0,0,0,0,0,0,0,0,0,0,0,0,0,0,0,0,0,0,0,0,0,1,0,0,0,0,0,0,0,0,0,0,0,0,0,0,0,0,0,0,1,0,0,0,0,0,0,0,0,0,0,0
2016/07/13,0,0,1,2,1,0,0,0,0,1,0,1,0,0,0,0,0,1,0,0,1,0,0,0,0,2,0,0,0,0,0,0,0,0,0,2,0,0,0,0,0,0,1,0,0,0,0,0,0,0,0,0,0,0,0,0,0,0,0,0,0,0,0,1,0,0,0,1,0,0,0,0,0,0,0,0,3,0,0,0,0,1,0,0,4,0,0,0,0,0,0,0,0,0
2016/07/14,0,0,0,1,0,0,0,0,0,0,0,0,0,0,0,0,0,0,1,3,0,0,0,3,0,1,0,0,0,0,0,0,0,0,0,0,0,0,0,0,0,0,2,1,0,0,1,0,0,0,1,0,0,0,0,0,0,0,0,1,0,0,0,0,0,0,1,1,1,0,0,0,1,0,0,0,0,0,0,0,1,0,0,0,2,0,0,0,0,0,0,0,0,0
2016/07/15,0,0,0,0,0,0,0,0,0,0,0,0,0,0,0,0,0,0,5,0,0,0,0,0,0,1,0,0,0,0,1,0,2,1,0,0,1,1,0,0,0,0,1,0,0,0,0,0,0,0,0,0,0,0,0,0,0,0,0,0,0,0,0,0,0,0,0,0,1,1,0,0,0,0,0,0,0,0,0,0,0,1,0,0,1,0,0,0,0,0,0,0,0,0
2016/07/16,0,0,0,0,0,0,0,0,0,0,0,0,0,0,0,0,0,0,0,0,0,0,0,0,0,0,0,0,0,0,0,0,0,0,0,0,0,0,0,0,0,0,0,0,0,0,0,0,0,0,0,0,0,0,0,0,0,0,0,0,0,0,0,0,0,0,0,0,0,0,0,0,0,0,0,0,0,0,0,0,0,0,0,0,0,0,0,1,0,0,0,0,0,0
2016/07/17,0,0,0,0,0,0,0,0,0,0,0,0,0,0,0,0,0,0,0,0,0,0,0,0,1,0,0,1,0,0,0,0,0,0,0,0,0,0,0,0,0,0,0,0,0,0,0,0,0,0,0,0,0,0,0,0,0,0,0,3,0,0,0,0,0,0,0,0,0,0,0,0,0,0,0,0,0,0,0,0,0,0,0,0,0,0,0,1,0,0,0,0,0,0
2016/07/18,0,0,1,1,0,0,0,0,0,0,0,0,0,0,0,0,0,0,1,0,0,0,2,0,0,1,0,0,0,0,0,0,0,0,1,0,0,0,0,0,0,0,0,0,0,0,0,0,0,0,0,0,0,1,0,0,0,0,0,0,0,0,0,0,0,0,0,0,1,1,0,0,0,0,0,0,1,0,0,0,0,0,0,0,0,0,0,0,0,0,0,0,0,0
2016/07/19,0,0,0,1,0,0,0,0,0,0,0,0,0,0,0,0,0,0,0,0,1,0,2,1,0,2,0,0,0,0,0,0,0,0,0,0,2,1,0,0,0,0,0,0,0,0,0,0,0,0,0,0,1,0,0,0,0,0,0,0,0,0,0,0,0,0,0,1,2,0,0,0,0,0,0,0,2,0,0,0,0,0,1,0,2,0,0,1,0,0,1,0,0,0
2016/07/20,1,0,0,1,1,0,0,0,0,3,0,0,0,0,0,0,0,0,1,2,0,1,1,0,1,2,0,0,0,0,0,0,0,0,0,0,0,0,0,0,0,0,0,0,0,0,0,0,0,0,0,1,0,0,0,0,0,0,0,0,0,0,0,0,0,0,0,0,0,0,0,0,0,0,0,0,0,0,0,1,0,1,1,0,1,0,0,0,0,0,0,0,0,0
2016/07/21,0,0,1,0,0,0,0,0,0,3,0,0,0,0,0,0,0,0,0,0,0,0,1,0,0,0,0,4,0,0,4,1,0,0,0,1,0,2,0,0,0,0,0,0,0,0,1,0,0,0,0,0,0,0,0,0,0,0,0,0,0,0,0,0,0,0,0,2,1,0,0,0,0,0,0,0,0,0,0,0,0,0,1,0,0,0,0,0,0,0,0,0,0,0
2016/07/22,0,0,2,1,0,0,0,0,0,1,0,0,0,0,0,0,0,0,0,0,2,0,0,0,2,1,0,1,0,0,0,0,0,0,0,0,1,0,0,0,0,0,0,0,0,0,0,0,0,0,0,0,0,0,0,0,0,0,0,0,0,0,0,0,0,0,0,0,1,0,0,0,0,0,0,0,0,0,0,0,1,0,0,0,3,0,0,0,0,0,0,0,0,0
2016/07/23,0,0,0,0,0,0,0,0,0,0,0,0,0,0,0,0,0,0,0,0,0,0,0,0,0,0,0,0,0,0,0,0,0,0,0,0,0,0,0,0,0,0,0,0,0,0,0,0,0,0,0,0,0,0,0,0,0,0,0,0,0,0,0,0,0,0,0,0,0,0,0,0,0,0,0,0,0,0,0,0,0,0,0,0,1,0,0,0,0,0,0,0,0,0
2016/07/24,0,0,0,0,0,0,0,0,0,0,0,0,0,0,0,0,0,0,1,0,1,0,0,0,0,0,0,0,0,0,0,0,0,0,0,0,0,0,0,0,0,0,1,0,0,0,0,0,0,0,0,0,0,0,0,0,0,0,0,0,0,0,0,0,0,0,0,0,0,0,0,0,1,0,0,0,0,0,0,0,0,0,0,0,0,0,0,0,0,0,0,0,0,0
2016/07/25,0,0,0,0,0,0,0,0,0,0,0,0,0,0,0,0,0,0,0,0,0,0,1,0,0,2,0,1,0,0,1,0,0,0,0,0,0,0,0,0,0,1,1,0,0,0,0,0,0,0,0,0,0,0,0,0,0,0,0,0,0,0,0,0,0,0,0,0,1,1,0,0,0,0,0,0,0,0,0,0,0,1,0,0,1,1,0,0,0,0,1,0,0,0
2016/07/26,0,0,0,0,0,0,0,0,0,0,0,0,0,0,0,0,0,0,0,1,1,0,2,0,1,2,0,0,0,0,0,0,1,0,0,0,0,0,1,0,0,0,0,0,0,0,0,0,0,0,0,0,1,1,0,0,0,0,0,1,0,0,0,0,0,0,0,2,0,0,0,0,0,0,0,0,0,0,0,0,0,0,0,0,0,1,0,0,0,0,0,0,0,0
2016/07/27,0,0,1,0,0,1,0,0,0,1,0,0,0,0,0,0,0,0,0,0,0,0,0,1,0,3,0,1,0,0,0,0,1,0,0,0,0,0,0,0,0,0,0,0,0,0,0,0,0,0,0,0,0,0,0,0,0,0,0,0,0,0,0,0,0,0,0,3,1,0,0,1,0,0,0,0,0,0,0,0,0,1,1,0,1,1,0,0,0,0,0,0,0,0
2016/07/28,0,0,0,0,0,0,0,0,0,1,0,0,0,0,0,0,0,0,0,1,0,0,0,2,2,2,0,0,0,0,0,0,0,0,0,0,0,0,0,0,0,0,0,0,0,0,0,0,0,0,0,2,0,0,0,0,0,0,0,0,0,0,0,0,1,0,0,0,1,0,0,0,0,0,0,0,0,0,0,0,1,0,0,0,0,1,0,0,0,0,0,0,0,0
2016/07/29,0,0,0,0,0,0,0,0,0,0,0,1,0,0,0,0,0,1,0,0,0,0,0,0,0,2,0,2,0,0,0,1,2,0,0,0,1,0,0,0,0,0,0,0,0,0,0,0,0,0,0,0,0,0,0,0,0,0,0,0,0,0,0,0,0,0,0,0,1,0,0,0,0,0,0,0,0,0,0,0,0,1,0,0,0,0,0,0,0,0,0,0,0,0
2016/07/30,0,0,0,0,0,0,0,0,0,0,0,0,0,0,0,0,0,0,0,0,0,0,0,0,0,0,0,0,0,0,0,0,0,0,0,0,0,0,0,0,0,0,0,0,0,0,0,0,0,0,0,0,0,0,0,0,0,0,0,0,0,0,0,0,0,0,0,0,0,0,0,0,0,0,0,0,0,0,0,0,0,0,0,0,0,0,0,0,0,0,0,0,0,0
2016/07/31,0,0,0,0,0,0,0,0,0,0,0,0,0,0,0,0,0,0,0,0,0,0,0,0,0,0,0,0,0,0,0,0,0,0,0,0,0,0,0,0,0,0,0,0,0,1,0,0,0,0,0,0,0,0,0,0,0,0,0,0,0,0,0,0,0,0,0,0,0,0,0,0,0,0,0,0,0,0,0,0,0,0,0,0,0,0,0,0,0,0,0,0,0,0
2016/08/01,0,0,0,0,0,0,0,2,0,2,0,0,0,0,0,0,0,0,0,0,1,0,0,0,2,0,0,0,1,0,0,0,1,0,0,0,0,0,0,0,1,0,1,0,0,0,0,0,0,0,0,0,0,0,0,0,0,0,0,0,0,0,0,0,0,0,0,1,0,0,0,0,0,0,0,0,0,0,0,0,1,0,0,0,0,0,0,0,0,0,0,0,0,0
2016/08/02,0,0,0,0,0,0,0,0,0,1,0,0,0,0,0,0,0,0,0,0,0,0,0,0,1,0,0,0,1,0,1,0,1,1,0,0,0,0,0,0,0,1,0,0,0,0,0,0,0,0,0,0,0,0,0,0,0,0,0,0,0,0,0,0,0,0,0,0,0,2,0,0,0,0,0,0,0,1,0,0,1,0,1,0,1,0,0,0,0,0,0,0,0,0
2016/08/03,0,0,0,1,1,0,0,0,0,0,0,0,0,0,0,0,0,0,0,1,0,0,0,0,0,0,0,0,0,0,0,1,0,0,0,0,0,0,0,0,0,0,0,0,0,0,0,0,0,0,0,1,0,0,0,0,0,0,0,0,0,0,0,0,0,0,0,0,0,0,0,0,0,0,0,0,1,0,0,1,0,0,1,0,0,0,0,0,1,0,1,0,0,1
2016/08/04,0,0,0,1,0,0,0,0,0,0,0,0,0,0,0,0,0,0,0,0,0,0,0,0,0,1,0,0,0,0,3,0,0,0,1,1,0,1,0,0,0,1,0,0,0,0,0,0,0,0,0,0,0,0,0,0,0,0,0,0,0,0,0,0,0,0,0,0,1,0,0,0,1,0,0,0,0,0,0,0,0,0,2,0,1,1,0,0,0,0,0,0,0,0
2016/08/05,0,0,0,1,0,0,0,0,0,0,0,0,0,0,0,0,1,0,0,0,0,0,0,0,0,0,0,1,0,0,0,0,2,1,1,0,0,0,0,0,0,2,0,0,0,0,0,0,0,0,0,0,0,0,0,0,0,0,0,0,0,0,0,0,0,1,0,0,0,0,0,0,0,0,0,0,0,0,0,0,0,1,0,0,0,0,0,0,0,0,0,0,0,0
2016/08/06,0,0,0,0,0,0,0,0,0,0,0,0,0,0,0,0,0,0,0,0,0,0,0,0,0,1,0,0,0,0,0,0,0,0,0,0,0,0,0,0,0,0,0,0,0,0,0,0,0,0,0,0,0,0,0,0,0,0,0,0,0,0,0,0,0,0,0,0,0,0,0,0,0,0,0,0,0,0,0,0,0,0,0,0,0,0,0,0,0,0,0,0,0,0
2016/08/07,0,0,0,0,0,0,0,0,0,0,0,0,0,0,0,0,0,0,0,0,0,0,0,0,0,0,0,0,0,0,0,0,0,0,0,0,0,0,0,0,0,0,0,0,0,0,0,0,0,0,0,0,0,0,0,0,0,0,0,0,0,0,0,0,0,0,0,0,0,0,0,0,0,0,0,0,0,0,0,0,0,0,0,0,0,0,0,0,0,0,0,0,0,0
2016/08/08,0,0,0,0,0,1,0,0,0,1,0,0,0,0,0,0,0,0,0,1,2,0,1,0,0,0,0,0,0,0,0,0,1,0,1,0,0,1,0,0,0,0,0,0,0,0,0,0,0,1,0,0,0,0,0,1,0,0,0,1,0,0,0,0,0,0,0,1,0,0,0,0,2,0,0,1,0,0,0,0,1,0,0,0,1,0,0,0,0,0,1,0,0,0
2016/08/09,0,0,0,0,0,0,0,0,0,4,0,0,0,0,0,0,0,0,0,0,0,0,0,2,0,1,0,0,0,0,2,1,1,0,0,0,0,0,0,1,0,0,0,0,0,0,0,0,0,0,2,0,0,0,0,0,0,1,0,0,0,0,0,0,0,0,0,0,3,0,0,0,0,0,0,0,0,0,0,0,0,0,1,0,1,0,0,0,0,0,0,0,0,0
2016/08/10,0,0,0,0,0,0,0,0,0,0,0,0,0,0,0,0,0,0,0,1,0,2,0,0,0,0,0,0,0,0,0,0,2,0,0,0,1,0,0,0,0,0,0,0,0,0,0,0,0,0,0,0,0,0,0,0,0,0,0,0,0,0,0,0,0,0,0,0,0,0,0,0,0,0,0,0,1,0,0,0,1,1,1,0,2,0,0,0,0,0,0,0,0,0
2016/08/11,0,0,0,1,0,0,0,0,0,1,0,0,0,0,0,0,0,0,0,0,0,0,0,0,0,0,0,1,0,0,1,0,1,0,0,1,0,0,0,1,0,1,1,0,0,0,0,0,0,0,0,0,0,1,0,0,0,0,0,0,0,0,0,0,0,0,0,1,0,0,1,0,0,0,0,0,0,0,0,0,0,1,1,0,0,0,0,0,0,0,0,0,0,0
2016/08/12,0,0,0,0,0,0,0,0,0,0,0,0,0,0,0,0,0,0,0,0,0,0,0,0,0,1,0,0,0,0,0,0,0,0,0,0,0,0,1,0,0,0,1,0,0,0,0,0,0,0,0,0,0,0,0,0,0,0,0,0,0,0,0,0,0,0,0,0,1,0,0,0,0,0,0,0,0,0,0,0,0,0,0,0,1,0,0,0,0,0,0,0,0,0
2016/08/13,0,0,0,0,0,0,0,0,0,0,0,0,0,0,0,0,0,0,0,0,0,0,0,0,0,0,0,0,0,0,0,0,0,0,0,0,0,0,0,0,0,0,0,0,0,0,0,0,0,0,0,0,0,0,0,0,0,0,0,0,0,0,0,0,0,0,0,0,0,0,0,0,0,0,0,0,0,0,0,0,0,0,0,0,0,0,0,0,0,0,0,0,0,0
2016/08/14,0,0,0,0,0,0,0,0,0,0,0,0,0,0,0,0,0,0,1,0,0,0,0,0,0,0,0,0,0,0,0,0,0,0,0,0,0,0,0,0,0,0,0,0,0,0,0,0,0,0,0,0,0,0,0,0,0,0,0,0,0,1,0,0,0,0,0,0,1,0,0,0,0,0,0,0,0,0,0,0,0,0,0,0,0,0,0,0,0,0,0,0,0,0
2016/08/15,0,0,2,0,0,0,0,0,0,2,0,0,0,0,0,0,0,0,0,1,0,1,1,0,2,0,0,0,0,0,1,0,1,0,0,0,0,0,1,0,0,0,0,0,0,1,0,0,0,0,0,1,1,1,0,0,0,1,0,0,0,0,0,0,0,0,0,2,3,0,0,0,2,0,0,0,0,0,0,0,1,0,1,0,2,0,1,0,0,0,0,0,0,0
2016/08/16,0,0,0,0,1,0,0,0,0,0,0,0,0,0,0,0,0,0,0,0,0,0,0,0,1,1,0,1,0,0,0,0,2,0,0,0,1,0,2,0,0,3,1,0,0,0,0,0,0,0,0,0,1,0,0,0,0,0,0,0,0,0,0,0,0,0,0,0,3,1,0,0,1,0,0,0,0,0,0,0,0,0,0,0,1,0,0,1,0,0,0,0,0,0
2016/08/17,0,0,1,0,15,0,0,0,0,0,0,0,0,0,0,0,0,0,0,0,0,0,2,1,0,4,0,0,0,0,0,0,0,0,0,0,0,1,0,0,0,0,0,0,0,0,0,0,0,0,0,0,0,0,0,0,0,0,0,0,0,0,0,0,0,0,0,0,1,0,0,0,0,0,1,0,0,0,0,0,0,0,2,0,1,0,0,0,0,0,0,0,0,0
2016/08/18,0,0,0,0,0,0,0,0,0,0,0,0,0,0,0,0,1,0,6,1,0,0,0,0,0,0,0,2,0,0,2,1,0,0,1,0,1,0,1,0,0,2,0,0,0,0,0,0,0,0,0,0,1,1,2,2,0,0,0,0,0,0,0,0,0,0,0,0,0,0,0,0,0,0,0,0,0,0,0,0,0,0,0,0,2,0,0,0,0,0,0,0,0,0
2016/08/19,0,0,0,0,0,0,0,0,0,1,0,0,0,0,0,0,0,0,0,0,0,0,2,0,0,0,0,1,1,0,0,0,0,0,0,0,0,0,1,0,0,0,1,0,0,0,0,0,0,0,0,0,0,0,2,1,0,0,0,0,0,0,0,1,0,0,0,0,1,0,0,0,0,0,0,0,0,0,0,0,0,0,0,0,0,0,0,0,0,0,0,0,0,0
2016/08/20,0,0,0,0,0,0,0,0,0,0,0,0,0,0,0,0,0,0,1,0,0,0,0,0,0,0,0,0,0,0,0,0,0,0,0,0,0,0,0,0,0,0,0,0,0,0,0,0,0,0,0,0,0,0,0,0,0,0,0,0,0,0,0,0,0,0,0,0,0,0,0,0,0,0,0,0,0,0,0,0,0,1,0,0,2,0,0,0,0,0,0,0,0,0
2016/08/21,0,0,0,0,0,0,0,0,0,0,0,0,0,0,0,0,0,0,0,0,0,0,0,0,0,0,0,0,0,0,0,0,0,0,0,0,0,0,0,0,0,0,0,0,0,0,0,0,0,0,0,0,0,0,0,0,0,0,0,0,0,0,0,0,0,0,0,1,0,0,0,0,0,0,0,0,0,0,0,0,0,0,0,0,0,0,0,0,0,0,0,0,0,0
2016/08/22,0,1,0,0,0,0,0,0,0,0,0,0,0,0,0,0,0,0,4,0,0,0,1,1,0,1,0,0,0,0,0,1,0,0,0,0,1,0,1,0,0,2,1,0,0,0,0,0,0,0,0,0,0,0,0,0,0,0,0,0,0,1,0,0,0,0,0,0,1,0,0,0,0,0,0,0,0,0,0,0,1,0,0,1,0,0,0,0,0,0,0,0,0,0
2016/08/23,0,0,1,0,0,0,0,1,0,2,0,0,0,0,0,0,0,0,0,0,0,0,0,0,1,0,0,2,0,0,0,1,0,0,0,0,0,2,1,0,0,0,0,0,0,0,0,0,0,0,0,0,1,0,0,0,0,0,0,0,0,0,0,0,1,0,0,0,0,0,0,0,0,0,0,0,0,0,0,0,0,0,0,0,0,0,0,0,0,0,0,0,0,0
2016/08/24,0,0,0,1,4,0,0,0,0,2,0,0,0,0,0,0,0,0,0,1,1,0,0,0,0,1,0,0,0,0,0,0,1,0,0,1,0,0,0,0,0,0,0,0,0,0,0,0,0,0,0,0,1,0,0,0,0,0,0,0,0,0,0,0,0,0,0,0,2,0,0,0,0,0,0,0,0,0,0,0,0,0,0,0,0,0,0,0,0,0,0,0,0,0
2016/08/25,0,0,0,0,0,0,0,0,0,1,0,0,0,0,0,0,1,0,0,0,4,0,0,1,0,0,0,3,0,0,0,0,0,0,0,1,0,1,0,0,0,1,0,0,0,0,0,0,0,0,0,0,0,0,0,0,0,0,0,0,0,0,0,0,0,0,0,1,0,0,0,0,0,0,0,0,0,0,0,0,0,0,0,0,1,0,0,0,0,0,0,0,0,1
2016/08/26,0,0,0,0,0,0,0,0,0,1,0,0,0,0,0,0,0,0,0,1,0,0,0,0,0,0,0,0,0,0,0,0,1,0,0,0,0,0,0,0,0,1,0,0,0,0,0,0,0,0,0,1,0,0,0,1,0,0,0,0,0,0,0,0,0,0,0,0,2,0,0,0,0,0,0,0,0,0,0,0,0,1,0,0,0,0,0,0,0,0,0,0,0,0
2016/08/27,0,0,0,0,0,0,0,0,0,0,0,0,0,0,0,0,0,0,0,0,0,0,0,0,0,0,0,1,0,0,0,0,0,0,0,0,0,0,0,0,0,0,0,0,0,0,0,0,0,0,0,0,0,0,0,0,0,0,0,0,0,0,0,0,0,0,0,0,0,0,1,0,0,0,0,0,0,0,0,0,0,0,0,0,0,0,0,0,0,0,0,0,0,0
2016/08/28,0,0,0,0,0,0,0,0,0,0,0,0,0,0,0,0,1,0,0,0,0,0,0,0,0,0,0,0,0,0,0,0,0,0,0,0,0,0,0,0,0,0,2,0,0,0,0,0,0,0,0,0,0,0,0,0,0,0,0,0,0,0,0,0,0,0,0,0,0,0,0,0,0,0,0,0,0,0,0,0,0,0,0,0,0,0,0,0,0,0,0,0,0,0
2016/08/29,1,0,0,0,1,0,0,0,0,1,0,0,0,0,0,0,0,0,0,0,0,1,0,0,0,2,0,0,0,0,0,0,0,0,0,0,0,0,0,2,0,0,0,0,0,0,0,0,0,0,0,1,0,0,1,0,0,0,0,0,0,0,0,0,0,0,0,0,0,0,0,0,0,0,0,0,0,0,0,0,0,0,0,0,1,0,0,0,0,0,0,0,0,0
2016/08/30,0,0,0,0,0,0,0,0,0,0,0,0,0,0,0,0,0,0,0,0,0,0,0,0,0,2,0,1,0,0,0,0,2,0,0,0,1,0,0,0,0,0,1,0,0,0,0,0,0,0,1,0,0,1,0,2,1,0,0,0,0,0,0,0,0,0,0,0,0,0,0,0,0,0,0,0,0,0,0,0,0,1,0,0,0,0,0,0,0,0,0,0,0,0
2016/08/31,0,0,0,0,0,0,0,0,0,1,0,0,0,0,0,0,0,0,0,0,0,0,1,0,1,2,0,1,0,0,0,0,0,0,0,0,0,0,1,1,0,0,0,0,0,0,0,0,0,0,0,0,0,0,0,1,0,0,0,0,0,0,0,0,0,0,0,1,0,0,0,0,0,0,0,0,0,0,0,0,0,1,0,0,0,0,0,1,0,0,0,0,0,0
2016/09/01,0,0,0,0,0,0,0,0,0,0,0,0,0,0,0,0,0,0,0,1,0,0,0,0,1,0,0,0,2,0,0,0,1,0,0,0,0,0,0,0,0,0,0,0,0,0,0,0,0,0,0,0,0,0,0,0,0,0,0,0,0,0,0,0,0,0,0,0,0,0,0,0,0,0,0,0,0,0,0,0,0,0,0,0,0,0,0,1,0,0,0,0,0,0
2016/09/02,0,0,1,0,0,0,0,0,0,1,0,1,0,0,0,0,0,0,0,0,0,0,0,0,0,0,0,1,0,0,0,0,0,0,0,0,1,0,0,0,0,0,0,0,0,0,0,0,0,0,0,0,0,0,0,1,0,0,0,0,0,0,0,0,0,0,0,0,0,0,0,0,1,0,0,0,2,1,0,0,0,0,0,0,0,0,0,0,0,0,0,0,0,0
2016/09/03,0,0,0,0,0,0,0,0,0,0,0,0,0,0,0,0,0,0,0,0,0,0,0,0,0,0,0,0,0,0,0,0,0,0,0,0,0,0,0,0,0,0,0,0,0,0,0,0,0,0,0,0,0,0,0,0,0,0,0,0,0,0,0,0,0,0,0,0,0,0,0,0,0,0,0,0,0,0,0,0,0,0,0,0,0,0,0,0,0,0,0,0,0,0
2016/09/04,0,0,0,0,0,0,0,0,0,1,0,0,0,0,0,0,0,0,0,0,0,0,0,0,0,0,0,0,0,0,0,0,0,0,0,0,0,0,0,0,0,0,0,0,0,0,0,0,0,0,0,0,0,0,0,0,0,0,0,0,0,0,0,0,0,1,0,0,0,0,0,0,0,0,0,0,0,0,0,0,0,0,0,0,0,0,0,0,0,0,0,0,0,0
2016/09/05,0,0,0,0,0,0,0,0,0,0,0,1,0,0,0,0,0,0,2,0,0,0,0,0,0,0,0,1,0,0,2,1,0,0,0,0,0,0,0,0,0,0,1,0,0,0,0,0,0,0,0,1,0,0,0,0,0,0,0,0,0,0,0,0,0,0,0,0,1,0,0,0,2,0,0,0,0,0,0,0,0,0,0,0,0,0,0,0,0,0,0,0,0,0
2016/09/06,0,0,0,0,2,0,0,0,0,0,0,0,0,0,0,0,0,0,0,0,0,0,0,0,0,0,0,0,0,0,0,0,1,0,0,0,1,0,0,0,0,0,0,0,0,0,0,0,0,0,0,0,0,0,0,0,0,0,0,0,0,0,0,0,0,0,0,0,0,0,0,0,0,0,0,0,0,0,0,0,0,0,0,0,0,1,0,0,0,1,0,0,0,0
2016/09/07,0,0,0,0,0,0,0,0,0,0,0,0,0,0,0,0,0,0,0,0,0,0,0,0,1,0,0,0,0,0,0,1,0,1,0,0,0,0,0,0,0,0,1,0,0,0,0,0,0,0,0,0,0,0,0,0,0,0,0,0,0,0,0,0,0,0,0,0,0,0,0,0,0,0,0,0,0,0,0,0,0,0,0,0,0,0,0,0,0,0,0,0,0,0
2016/09/08,0,0,0,0,0,0,0,0,0,1,0,0,0,0,0,1,0,0,0,1,0,0,1,0,0,1,0,0,0,0,2,0,0,0,0,1,0,0,0,0,0,1,0,0,0,0,0,0,0,0,0,0,0,0,0,0,0,1,0,0,0,0,0,1,0,0,1,0,1,0,0,0,1,0,0,0,0,0,0,0,0,0,0,0,0,0,0,0,0,0,0,0,0,0
2016/09/09,0,0,0,0,0,0,0,0,0,2,0,0,0,0,0,0,0,0,0,0,0,0,0,0,1,0,0,0,0,0,0,1,2,0,0,0,0,0,0,0,0,0,0,0,0,0,0,0,0,0,1,0,0,0,0,1,0,0,0,0,0,0,0,0,0,0,0,0,0,0,0,0,0,0,0,0,1,0,1,0,0,1,1,0,0,0,0,0,0,0,0,0,0,0
2016/09/10,0,0,0,0,0,0,0,0,0,1,0,0,0,0,0,0,0,0,0,0,0,0,0,0,0,0,0,0,0,0,1,0,0,0,1,0,0,0,0,0,0,1,0,0,0,0,0,0,0,0,0,0,0,0,0,0,0,0,0,0,0,0,0,0,0,0,0,0,0,0,0,0,0,0,0,0,0,0,0,0,0,0,0,0,0,0,0,0,0,0,0,0,0,0
2016/09/11,0,0,0,0,0,1,0,0,0,0,0,0,0,0,0,0,0,0,0,0,0,0,0,0,0,0,0,0,0,0,0,0,0,0,0,0,0,0,0,0,0,0,0,0,0,0,0,0,0,0,0,0,0,0,0,0,0,0,0,0,0,0,0,0,0,0,0,0,0,0,0,0,0,0,0,0,0,0,0,0,0,0,0,0,1,0,0,0,0,0,0,0,0,0
2016/09/12,0,0,0,0,0,0,0,0,0,0,0,0,0,0,0,0,0,0,0,0,0,0,0,0,0,1,0,0,1,0,0,0,0,0,0,0,0,0,0,0,0,1,0,0,0,0,0,0,0,0,0,0,0,0,0,0,0,1,0,0,0,0,0,0,0,0,0,0,1,0,0,0,0,0,0,0,0,0,0,0,0,0,0,0,0,0,0,0,1,0,0,0,0,0
2016/09/13,0,0,0,0,0,0,0,0,0,1,0,0,0,0,0,0,0,0,0,0,1,0,0,0,0,1,0,0,0,0,1,1,0,0,0,0,0,0,0,0,0,0,0,0,0,0,0,0,0,0,0,0,0,0,0,1,0,0,0,0,0,0,0,0,0,0,0,0,1,1,0,0,0,0,0,0,0,0,0,0,0,1,0,0,0,1,0,0,0,0,0,0,0,0
2016/09/14,1,0,0,0,0,0,0,0,0,1,0,0,0,0,0,0,0,0,0,1,0,0,0,0,0,0,0,0,0,0,0,0,0,0,0,0,0,0,0,0,0,0,0,0,0,0,0,0,0,0,1,1,0,0,0,1,0,0,0,1,0,0,0,0,0,0,0,1,0,2,0,0,0,0,0,0,0,0,0,0,1,0,1,0,1,1,1,0,0,0,0,0,0,0
2016/09/15,0,0,0,0,0,0,0,0,0,0,0,0,0,0,0,0,0,0,0,0,0,0,0,0,0,0,0,1,0,0,1,0,0,0,0,0,0,0,0,0,0,0,0,0,0,0,0,0,0,0,0,0,0,1,0,0,0,0,0,0,0,0,0,0,0,0,1,0,1,1,0,0,0,0,0,0,1,0,0,0,1,1,0,0,0,1,0,0,0,0,0,0,0,0
2016/09/16,0,1,0,0,0,0,0,0,0,1,0,0,0,0,0,0,0,0,1,1,0,0,0,0,0,1,0,0,0,0,1,0,1,0,0,0,0,1,0,0,0,0,1,0,0,0,0,0,1,0,0,0,0,0,0,1,0,0,0,0,1,0,0,0,0,1,0,2,0,1,0,0,1,0,1,0,0,0,0,0,0,0,0,0,1,0,0,0,0,0,0,0,0,0
2016/09/17,0,0,0,0,0,0,0,0,0,0,0,0,0,0,0,0,0,0,0,0,0,0,0,0,0,0,0,1,0,0,0,0,0,0,0,0,0,0,0,0,0,0,0,0,0,0,0,0,0,0,0,0,0,0,0,0,0,0,0,0,0,0,0,0,0,0,0,0,0,0,0,0,0,0,0,0,0,0,0,0,0,0,0,0,0,0,0,0,0,0,0,0,0,0
2016/09/18,0,0,0,0,0,0,0,0,0,1,0,0,0,0,0,0,0,0,0,0,0,0,0,0,0,0,0,0,0,0,0,0,0,0,0,0,0,0,0,0,0,0,0,0,0,0,0,0,0,0,0,0,0,0,0,0,0,0,0,0,0,0,0,0,0,0,0,0,0,0,0,0,0,0,0,0,0,0,0,0,0,0,0,0,0,0,0,0,0,0,0,0,0,0
2016/09/19,0,0,0,0,0,0,0,0,0,0,0,0,0,0,0,0,0,0,1,0,0,0,1,0,0,1,0,0,0,0,0,0,0,0,1,0,0,0,0,0,0,0,1,0,0,0,0,0,0,0,0,0,1,0,0,0,0,0,0,0,0,0,0,1,1,0,0,0,2,1,2,0,0,0,0,0,1,0,0,0,1,0,1,0,1,0,0,1,0,0,0,0,0,0
2016/09/20,0,0,0,0,0,0,0,0,0,0,0,0,0,0,0,0,0,0,0,1,1,0,0,0,2,0,0,0,0,0,0,0,0,0,0,0,0,1,0,0,1,0,1,0,0,0,0,0,0,0,0,0,0,0,0,0,0,0,0,0,0,0,0,0,0,0,0,1,2,4,0,0,0,0,0,0,1,0,1,0,3,0,0,0,1,0,0,0,1,0,0,1,0,0
2016/09/21,0,0,0,0,0,0,0,0,0,1,0,0,0,0,0,0,0,0,0,1,0,0,0,0,1,0,0,0,0,0,0,0,1,0,0,0,0,0,0,0,0,0,0,0,0,0,0,0,0,0,0,0,0,0,0,0,0,0,0,0,0,0,0,0,0,0,0,0,4,1,0,0,0,0,0,0,1,0,0,1,1,0,0,0,0,1,0,0,0,0,0,0,0,0
2016/09/22,0,0,0,0,0,0,0,0,0,2,0,0,0,0,0,0,0,0,0,1,0,0,0,1,0,0,0,0,0,0,2,0,0,0,0,1,0,0,0,0,0,0,0,0,0,0,0,0,0,0,0,0,0,0,0,0,0,0,0,0,0,0,0,0,0,0,0,0,2,1,0,0,0,0,0,0,0,0,0,0,1,0,0,0,0,0,0,1,0,0,0,0,0,0
2016/09/23,0,0,0,0,0,0,0,1,0,1,0,0,0,0,0,0,0,0,0,0,0,0,0,0,1,0,0,0,0,0,2,0,0,0,0,0,0,0,0,0,0,0,0,0,0,0,0,0,0,0,0,0,0,0,0,0,0,0,0,0,0,0,0,0,1,0,1,1,0,0,0,0,0,0,0,0,0,0,0,0,0,1,0,0,0,1,0,0,0,0,0,0,0,0
2016/09/24,0,0,0,0,0,0,0,0,0,0,0,0,0,0,0,0,0,0,0,0,0,0,0,0,0,0,0,0,0,0,0,0,0,0,0,0,0,1,0,0,0,0,0,0,0,0,0,0,0,0,0,0,0,0,0,0,0,0,0,0,0,0,0,0,0,0,0,0,0,0,0,0,0,0,0,0,0,0,0,0,0,0,0,0,0,0,0,0,0,0,0,0,0,0
2016/09/25,0,0,0,0,0,0,0,0,0,0,0,0,0,0,0,0,0,0,0,0,0,0,0,0,0,0,0,0,0,0,0,0,0,0,0,0,0,0,0,0,0,0,0,0,0,0,0,0,0,0,0,0,0,0,0,0,0,0,0,0,0,0,0,0,0,0,0,0,2,0,0,0,0,0,0,0,0,0,0,0,0,0,0,0,0,0,0,0,0,0,0,0,0,0
2016/09/26,0,0,0,0,0,0,0,0,0,0,0,0,0,0,0,0,0,0,1,0,0,0,0,0,0,0,0,1,0,0,0,0,1,0,0,0,0,1,0,0,0,0,0,0,0,0,0,0,0,0,0,0,0,0,0,1,0,0,0,0,0,0,0,0,1,0,0,0,3,1,1,0,0,0,0,0,1,1,0,1,1,1,0,0,1,0,0,1,2,0,0,0,0,0
2016/09/27,0,0,0,0,0,0,0,0,0,1,0,0,0,0,0,0,0,0,0,1,1,0,0,0,0,1,0,0,0,0,0,0,1,0,0,0,0,0,0,1,0,0,0,0,0,0,0,0,0,0,0,0,0,0,0,0,0,0,0,0,0,0,0,1,1,0,0,0,3,4,0,0,0,0,0,0,1,1,1,0,2,0,0,0,0,0,0,0,0,0,0,0,0,0
2016/09/28,0,0,0,0,0,0,0,0,0,0,0,0,0,0,0,0,0,0,0,0,0,0,0,0,0,0,0,0,0,0,0,0,1,0,0,0,0,0,1,0,0,0,0,0,0,0,0,0,0,0,0,0,0,0,0,0,0,0,0,0,0,0,0,0,0,0,2,1,0,1,0,0,0,0,0,0,0,0,0,0,0,0,0,0,0,1,0,0,0,0,0,0,0,0
2016/09/29,0,0,0,0,0,0,0,0,0,0,0,0,0,1,0,0,0,0,0,0,0,0,0,2,1,1,0,0,0,0,0,0,1,0,0,0,0,0,0,0,0,0,1,0,0,0,0,0,0,1,0,0,0,0,0,0,0,0,0,0,0,0,0,1,0,0,0,0,3,2,0,0,1,0,0,0,2,0,1,0,0,0,0,0,1,0,0,0,0,0,0,0,0,0
2016/09/30,0,0,0,0,0,0,0,0,0,0,0,0,0,0,0,0,0,0,0,1,0,0,1,0,0,0,0,1,0,0,0,0,1,0,0,0,0,0,0,0,0,0,0,0,0,0,0,0,0,0,0,0,0,0,0,0,0,0,0,0,0,0,0,0,0,1,0,0,1,1,0,0,0,1,0,0,1,0,0,2,0,0,0,0,0,0,0,0,0,0,0,0,0,0
2016/10/01,0,0,0,0,0,0,0,0,0,0,0,0,0,0,0,0,0,0,0,0,0,0,0,0,0,0,0,0,0,0,0,1,0,0,0,0,0,0,0,0,0,0,0,0,0,0,0,0,0,0,0,0,0,0,0,0,0,0,0,0,0,0,0,0,0,0,0,0,0,0,0,0,0,0,0,0,0,0,0,0,0,0,0,0,0,0,0,0,0,0,0,0,0,0
2016/10/02,0,0,0,0,0,0,0,0,0,0,0,0,0,0,0,0,0,0,0,0,0,0,0,0,0,0,0,1,0,0,0,0,0,0,0,0,0,0,0,0,0,0,0,0,0,0,0,0,0,0,0,0,0,0,0,0,0,0,0,0,0,0,0,0,0,0,0,0,0,0,0,0,0,0,0,0,0,0,0,0,0,0,0,0,0,0,0,0,0,0,0,0,0,0
2016/10/03,0,0,0,0,0,0,0,0,0,1,0,0,0,0,0,0,0,0,0,0,0,0,0,0,1,0,0,1,0,0,0,1,0,0,0,0,0,0,0,0,0,0,0,0,0,0,0,0,0,0,0,0,0,0,0,1,0,0,0,0,0,0,0,0,0,0,0,0,2,2,2,0,2,0,0,0,0,2,0,0,0,1,0,0,0,2,0,0,0,0,0,0,0,0
2016/10/04,0,0,0,0,0,0,0,0,0,0,0,0,0,0,0,0,0,0,0,0,0,0,0,0,1,0,0,1,0,0,0,0,1,0,0,0,0,0,0,0,0,0,1,0,0,0,0,0,0,0,0,0,0,0,0,0,0,1,0,0,0,0,0,1,0,1,0,1,2,3,0,0,0,1,0,0,0,0,0,2,0,1,0,0,1,0,1,0,1,0,0,0,0,0
2016/10/05,0,0,0,0,0,0,0,0,0,0,0,0,0,0,0,0,0,0,0,0,0,0,0,0,1,0,0,0,0,0,0,0,0,0,0,0,0,0,0,0,0,0,0,0,0,0,0,0,0,0,0,0,0,0,0,0,0,0,0,0,0,0,0,1,0,0,1,1,6,1,1,0,1,0,0,0,0,0,1,0,2,0,0,0,0,1,0,1,0,0,0,0,0,0
2016/10/06,0,0,0,0,0,0,0,0,0,1,0,0,0,0,0,0,0,0,0,1,0,0,0,0,1,0,0,0,0,0,0,0,0,0,0,0,0,0,0,0,0,0,0,0,0,0,0,0,0,0,0,0,0,1,0,0,0,0,0,0,0,0,0,0,0,0,1,0,2,1,0,1,0,0,0,0,2,0,0,0,1,1,0,0,0,0,0,0,0,1,1,1,0,0
2016/10/07,0,0,0,0,0,0,0,0,0,1,0,0,0,0,0,1,0,0,0,0,0,0,0,1,0,0,0,0,0,0,0,0,0,0,0,0,1,0,1,0,1,0,0,0,0,0,0,0,0,0,0,0,0,0,1,0,0,0,0,0,0,0,0,0,0,1,1,2,4,1,0,0,0,0,0,0,1,1,0,0,0,1,0,0,0,0,0,0,0,1,0,1,0,0
2016/10/08,0,0,0,0,0,0,0,0,0,0,0,0,0,0,0,0,0,0,0,0,0,0,0,0,0,0,0,0,0,0,0,0,0,0,0,0,0,0,0,0,0,0,0,0,0,0,0,0,0,0,0,0,0,0,0,0,0,0,0,0,0,0,0,0,0,0,0,0,0,0,0,0,0,0,0,0,0,0,0,0,0,0,0,0,0,0,0,0,0,0,0,0,0,0
2016/10/09,0,0,0,0,0,0,0,0,0,0,0,0,0,0,0,0,0,0,0,0,0,0,0,0,0,0,0,0,0,0,0,0,0,0,0,0,0,0,0,0,0,0,0,0,0,0,0,0,0,0,0,0,0,0,0,0,0,0,0,0,0,0,0,0,0,0,0,0,0,0,0,0,0,0,0,0,0,0,0,0,0,0,0,0,0,0,0,0,0,0,0,0,0,0
2016/10/10,0,0,0,1,0,0,0,0,0,1,0,0,0,0,0,0,0,0,0,0,0,0,0,0,0,0,0,0,0,0,0,1,0,0,0,0,0,0,0,0,0,0,0,0,0,0,0,0,0,0,1,0,0,0,0,0,0,0,0,0,0,0,0,1,0,2,0,1,1,1,0,0,0,0,0,0,2,0,0,2,2,0,0,0,1,1,0,1,0,0,0,1,0,0
2016/10/11,0,0,0,0,0,0,0,1,0,2,0,0,0,0,0,0,0,0,0,0,2,0,0,0,0,0,0,0,0,0,0,0,0,0,0,0,0,0,0,0,0,0,0,0,0,0,0,0,0,0,0,0,0,0,0,0,0,0,0,0,0,0,0,0,0,0,0,0,0,0,0,0,0,0,0,0,0,0,0,0,0,0,0,0,0,1,0,0,0,0,0,0,0,0
2016/10/12,0,0,0,0,0,0,0,0,0,0,0,0,0,0,0,0,0,0,0,0,0,0,0,0,0,0,0,0,0,0,0,0,0,0,0,0,0,0,0,0,0,0,0,0,0,0,0,0,0,0,0,0,0,0,0,0,0,0,0,0,0,0,0,0,0,0,0,0,0,0,0,0,0,0,0,0,0,0,0,0,0,0,0,0,0,0,0,0,0,0,0,0,0,0
2016/10/13,0,0,0,0,0,0,0,0,0,1,0,0,0,0,0,0,0,0,0,0,1,0,1,0,1,0,0,0,0,0,0,0,0,0,0,0,0,0,1,0,0,0,0,0,0,0,0,0,0,0,0,0,0,0,0,0,0,0,0,0,0,0,0,0,0,0,0,0,0,0,0,0,0,0,0,0,0,0,0,0,0,0,0,0,0,0,0,0,0,0,0,0,0,0
2016/10/14,0,0,0,0,0,0,0,0,0,0,0,1,0,0,0,0,0,0,0,0,0,0,0,0,0,0,0,0,0,0,0,0,0,0,0,0,0,0,1,0,0,0,0,0,0,0,0,0,0,0,0,0,0,0,0,1,0,0,0,0,0,0,0,0,0,0,0,0,0,0,0,0,1,0,0,0,0,0,0,0,0,0,0,0,0,0,0,0,0,0,0,0,0,0
2016/10/15,0,0,0,0,0,0,0,0,0,0,0,0,0,0,0,0,0,0,0,0,0,0,0,0,0,0,0,0,0,0,0,0,0,0,0,0,0,0,0,0,0,0,0,0,0,0,0,0,0,0,0,0,0,0,0,0,0,0,0,0,0,0,0,0,0,0,0,0,0,0,0,0,0,0,0,0,0,0,0,0,0,0,0,0,0,0,0,0,0,0,0,0,0,0
2016/10/16,0,0,0,0,0,0,0,0,0,2,0,0,0,0,0,0,0,0,0,0,0,0,0,0,0,0,0,0,0,0,0,0,0,0,0,0,0,0,0,0,0,0,0,0,0,0,0,0,0,0,0,0,0,0,0,0,0,0,0,0,0,0,0,0,0,0,0,0,0,0,0,0,0,0,0,0,0,0,0,0,0,0,0,0,0,0,1,0,0,0,0,0,0,0
2016/10/17,0,0,0,0,0,0,0,0,0,0,0,0,0,0,0,0,0,0,0,1,3,0,0,1,0,0,0,0,0,0,0,0,0,0,0,0,0,0,0,0,0,0,0,0,0,0,0,0,0,0,0,0,0,0,0,1,0,0,0,0,0,0,0,0,0,0,0,0,0,0,0,0,0,0,0,0,1,0,0,0,0,0,0,0,0,0,0,1,0,0,0,0,0,0
2016/10/18,0,0,0,0,0,0,0,2,0,1,0,0,0,0,0,0,0,0,0,0,0,0,0,0,0,0,0,0,0,0,1,1,0,0,0,0,1,1,0,0,0,0,1,0,0,0,0,0,0,0,0,0,0,0,1,0,0,0,0,0,0,0,0,0,0,0,0,0,0,0,0,0,0,0,0,0,0,0,0,0,0,0,0,1,0,0,0,0,0,0,0,0,1,0
2016/10/19,0,0,0,0,0,0,0,0,0,0,0,0,0,0,0,0,0,0,0,0,0,0,0,0,2,1,0,0,0,0,0,1,0,0,0,0,0,0,0,0,0,0,1,0,0,0,0,0,0,0,0,0,0,0,0,0,0,0,0,0,0,0,0,0,0,0,0,0,0,0,0,0,0,0,0,0,1,0,0,1,0,0,0,0,0,0,0,0,0,0,0,0,0,0
2016/10/20,0,0,0,0,0,0,0,0,0,1,0,0,0,0,0,0,0,0,0,0,0,0,0,0,0,1,0,0,0,0,1,0,0,0,0,0,0,0,0,0,0,0,0,0,0,0,0,0,0,0,0,0,0,0,0,1,0,0,0,0,0,0,0,0,0,0,0,0,0,0,0,0,1,0,0,0,0,0,0,0,0,0,0,0,0,0,0,0,0,0,0,0,0,0
2016/10/21,0,0,0,0,0,0,0,0,0,4,0,0,0,0,0,0,0,0,0,0,0,0,0,0,0,1,0,4,0,0,1,0,2,0,0,1,0,0,1,0,0,1,0,0,0,0,0,0,0,0,0,0,0,0,1,0,0,1,0,0,0,1,0,0,0,0,0,0,1,0,0,1,0,0,0,0,0,0,0,0,0,0,0,0,0,0,0,1,0,0,0,0,0,0
2016/10/22,0,0,0,0,0,0,0,0,0,0,0,0,0,0,0,0,0,0,0,0,0,0,0,0,0,0,0,0,0,0,0,0,0,0,1,0,0,0,0,0,0,0,0,0,0,0,0,0,0,0,0,0,0,0,0,0,0,0,0,0,0,0,0,0,0,0,0,0,0,0,0,0,0,0,0,0,0,0,0,0,0,0,0,0,0,0,0,0,0,0,0,0,0,0
2016/10/23,0,0,0,0,0,0,0,0,0,0,0,0,0,0,0,0,0,0,0,0,0,0,0,0,0,0,0,0,0,0,0,0,0,0,0,0,0,0,0,0,0,0,0,0,0,0,0,0,0,0,0,0,0,0,0,0,0,0,0,0,0,0,0,0,0,0,0,0,0,0,0,0,0,0,0,0,0,0,0,0,0,0,0,0,0,0,0,0,0,0,0,0,0,0
2016/10/24,0,0,0,0,0,0,0,0,0,0,0,0,0,0,0,0,0,0,0,0,0,0,0,0,0,0,0,0,0,0,0,0,0,0,0,0,0,0,0,0,0,0,0,0,0,0,0,0,0,0,0,0,0,0,0,1,0,0,0,0,0,0,0,1,0,0,0,0,0,0,0,0,0,0,0,0,0,0,0,0,0,0,0,0,0,0,0,0,1,0,0,0,0,0
2016/10/25,0,0,0,0,0,0,0,0,0,2,0,0,0,0,0,1,0,0,0,1,1,0,2,0,0,0,0,0,0,1,0,0,0,0,0,0,0,0,2,1,1,0,0,0,0,0,0,0,0,0,0,0,0,0,0,0,0,0,0,0,0,0,0,0,1,0,0,0,1,0,0,0,0,0,0,0,0,0,0,0,0,0,0,0,1,0,0,0,0,0,0,0,0,0
2016/10/26,0,0,0,0,0,0,0,0,0,1,0,0,0,0,0,0,0,0,0,1,0,0,0,0,1,0,0,1,0,0,0,0,1,0,0,0,0,0,2,0,0,0,0,0,0,0,0,0,0,0,0,0,0,0,0,0,0,0,0,0,0,0,0,0,0,0,0,0,1,0,0,0,0,0,0,0,0,0,1,0,0,0,0,0,0,0,0,2,0,0,0,0,0,0
2016/10/27,1,0,0,0,0,0,0,0,0,0,0,0,0,0,0,0,1,0,0,0,0,0,0,0,0,0,0,0,0,0,0,0,1,0,0,0,0,0,0,0,0,0,0,0,0,0,0,0,0,0,0,0,0,0,0,0,0,0,0,0,0,0,0,0,1,0,0,0,1,0,0,0,2,0,0,0,1,0,0,0,0,0,0,0,0,1,0,0,0,0,0,0,0,0
2016/10/28,0,0,0,1,0,0,0,0,0,0,0,0,0,0,0,0,0,0,0,0,0,0,1,0,0,0,0,1,0,0,0,0,2,0,1,0,0,0,0,0,0,0,2,0,0,0,0,0,0,0,0,0,0,0,0,0,0,0,0,0,0,0,0,0,0,0,0,0,0,1,0,0,1,0,0,0,1,0,0,0,1,0,0,0,0,2,0,0,0,0,0,0,0,0
2016/10/29,0,0,0,0,0,0,0,0,0,0,0,0,0,0,0,0,0,0,0,0,0,0,0,0,0,0,0,0,0,0,0,0,0,0,0,0,0,0,0,0,0,0,0,0,0,0,0,0,0,0,0,0,0,0,0,0,0,0,0,0,0,0,0,0,0,0,0,0,0,0,0,0,0,0,0,0,0,0,0,0,0,0,0,0,0,0,0,0,0,0,0,0,0,0
2016/10/30,0,0,0,0,0,0,0,0,0,0,0,0,0,0,0,0,0,0,0,0,0,0,0,0,0,0,0,0,0,0,0,0,0,0,0,0,0,0,0,0,0,0,0,0,0,0,0,0,0,0,0,0,0,0,0,0,0,0,0,0,0,0,0,0,0,0,0,0,0,0,0,0,0,0,0,0,0,0,0,0,0,0,0,0,0,0,0,0,0,0,0,0,0,0
2016/10/31,0,0,0,0,0,0,0,0,0,0,0,0,0,0,0,0,0,0,0,1,0,0,1,0,0,0,0,0,0,0,0,0,0,0,0,0,0,0,0,0,0,0,1,0,0,0,0,0,0,0,0,1,0,1,0,0,0,0,0,0,0,0,0,1,0,2,0,0,0,0,0,0,1,0,0,0,1,1,0,0,0,0,0,0,0,0,0,1,0,1,0,0,0,0
2016/11/01,0,0,0,0,0,0,0,0,0,0,0,0,0,0,0,0,0,0,0,0,0,0,0,0,0,1,0,0,0,0,0,0,1,0,0,0,0,0,0,0,0,2,0,0,0,0,0,0,0,0,0,0,0,0,0,0,0,0,0,0,0,0,0,0,0,0,0,0,2,1,0,0,0,0,0,0,0,0,0,0,0,0,0,0,0,0,0,0,0,0,0,0,0,0
2016/11/02,0,0,0,0,0,0,0,0,0,0,0,0,0,0,0,0,0,0,0,0,0,0,0,0,0,0,0,0,0,0,0,0,0,0,0,0,0,0,0,0,0,0,0,0,0,0,0,0,0,0,0,0,0,0,0,0,0,0,0,0,0,0,0,0,0,0,0,0,0,0,0,0,0,0,0,0,0,0,0,0,0,0,0,0,0,0,0,0,0,0,0,0,0,0
2016/11/03,0,0,0,0,0,0,0,0,0,0,0,0,0,0,0,0,0,0,0,0,0,0,0,0,0,2,0,0,0,0,0,0,0,0,0,0,0,0,0,0,0,0,1,0,0,0,0,0,0,0,0,0,0,0,0,0,0,0,0,0,0,0,0,0,0,0,0,0,0,0,0,0,0,0,0,0,0,0,0,0,0,0,1,0,2,0,0,0,0,0,0,0,0,0
2016/11/04,0,0,0,1,0,0,0,0,0,0,0,1,0,0,0,0,0,0,0,0,1,0,1,0,1,0,0,0,0,0,0,0,0,0,0,0,1,0,0,0,0,1,0,0,0,0,0,0,0,0,0,0,0,0,0,0,0,0,0,0,0,0,0,1,0,0,1,2,0,0,0,0,0,0,0,0,0,0,0,0,1,0,0,0,0,0,0,0,0,0,0,0,0,0
2016/11/05,0,0,0,0,0,0,0,0,0,0,0,0,0,0,0,0,0,0,0,0,0,0,0,0,0,0,0,0,0,0,0,0,0,0,0,0,0,0,0,0,0,0,0,0,0,0,0,0,0,0,0,0,0,0,0,0,0,0,0,0,0,0,0,0,0,0,0,0,0,0,0,0,0,0,0,0,0,0,0,0,0,0,0,0,0,0,0,0,0,0,0,0,0,0
2016/11/06,0,0,0,0,0,0,0,0,0,0,0,0,0,0,0,0,0,0,0,0,0,0,0,0,0,0,0,0,0,0,0,0,0,0,0,0,0,0,0,0,0,0,0,0,0,0,0,0,0,0,0,0,0,0,0,0,0,0,0,0,0,0,0,0,0,0,0,0,0,0,0,0,0,0,0,0,0,0,0,0,0,0,0,0,0,1,0,0,0,0,0,0,0,0
2016/11/07,0,0,0,0,0,0,0,0,0,1,0,0,0,0,0,0,0,0,0,0,0,0,0,0,0,0,0,0,0,0,0,0,0,0,0,0,0,0,0,0,0,0,0,0,0,0,0,0,0,0,0,0,0,0,0,0,0,0,0,0,0,0,0,1,0,0,0,0,1,2,0,0,0,0,1,0,1,0,0,0,0,0,0,0,0,1,0,0,0,0,0,0,0,0
2016/11/08,0,0,0,0,0,0,0,0,0,1,0,0,0,0,0,0,0,0,0,0,0,0,1,0,0,0,0,1,0,0,0,0,1,0,0,0,0,0,0,0,0,0,0,0,0,0,0,0,0,0,0,0,0,0,0,0,0,0,0,0,0,0,0,1,0,0,0,0,0,1,0,0,2,0,0,0,0,0,0,0,0,0,0,0,0,0,1,0,0,0,0,0,0,0
2016/11/09,0,0,0,0,0,0,0,0,0,0,0,0,0,0,0,0,0,0,0,0,0,0,1,0,0,0,0,0,0,0,0,0,0,0,0,0,0,0,0,0,0,0,0,0,0,0,0,0,0,0,0,0,0,0,0,0,0,0,0,0,0,0,0,0,0,0,0,0,0,0,0,0,0,0,0,0,0,1,0,0,0,0,1,0,0,0,0,0,0,0,0,0,0,0
2016/11/10,0,0,0,0,0,0,0,0,0,0,0,0,0,0,0,0,0,0,0,0,0,0,0,0,0,0,0,0,0,0,1,0,0,0,0,0,0,0,0,0,0,0,0,1,0,0,0,0,0,0,0,1,0,0,1,0,0,0,0,0,0,0,0,0,0,0,0,0,0,0,0,0,1,0,0,0,0,0,0,0,0,0,0,0,1,0,1,0,0,0,0,0,0,0
2016/11/11,0,0,0,0,0,0,0,0,0,0,0,0,0,0,0,0,0,0,0,0,0,0,0,0,0,1,0,0,0,0,0,0,0,0,0,0,0,0,0,0,0,0,0,0,0,0,0,0,0,0,0,0,0,0,0,0,0,0,0,0,0,0,0,1,0,0,0,0,0,0,0,0,1,0,0,0,0,0,0,1,1,0,0,0,1,0,0,0,0,0,0,0,0,0
2016/11/12,0,0,0,0,0,0,0,0,0,0,0,0,0,0,0,0,0,0,0,0,0,0,0,0,0,0,0,0,0,0,0,0,0,0,0,0,0,0,0,0,0,0,0,0,0,0,0,0,0,0,0,0,0,0,0,0,0,0,0,0,0,0,0,0,0,0,0,0,0,0,0,0,0,0,0,0,0,0,0,0,0,0,0,0,0,0,0,0,0,0,0,0,0,0
2016/11/13,0,0,0,0,0,0,0,0,0,0,0,0,0,0,0,0,0,0,0,0,0,0,0,0,0,0,0,0,0,0,0,0,0,0,0,0,0,0,0,0,0,0,0,0,0,0,0,0,0,0,0,0,0,0,0,0,0,0,0,0,0,0,0,0,0,0,0,0,0,0,0,0,0,0,0,0,0,0,0,0,0,0,0,0,0,0,0,0,0,0,0,0,0,0
2016/11/14,0,0,0,0,0,0,0,0,0,0,0,0,0,0,0,0,0,0,0,0,0,0,0,0,1,0,0,0,0,0,0,0,0,0,0,0,0,0,1,0,0,0,0,0,0,0,0,0,0,0,0,0,0,0,0,0,0,0,0,0,0,0,0,0,0,0,0,0,0,0,0,0,0,0,0,0,0,0,0,0,0,0,0,0,0,0,0,0,0,0,0,0,0,0
2016/11/15,0,0,0,0,0,0,0,0,0,1,0,0,0,0,0,0,0,0,0,0,0,0,0,0,0,0,0,0,0,0,0,0,0,0,0,0,0,0,0,0,0,0,0,0,0,0,0,0,0,0,0,0,0,0,0,0,0,0,0,0,0,0,0,0,0,0,0,0,0,0,0,0,0,0,0,0,0,0,0,0,0,0,0,0,0,0,0,0,0,0,0,0,0,0
2016/11/16,0,0,0,1,0,0,0,0,0,0,0,0,0,0,0,0,0,0,0,1,0,0,0,0,0,0,0,0,0,1,0,0,0,0,0,0,0,0,0,0,0,0,1,1,0,0,0,0,0,0,0,0,0,0,2,1,0,0,0,0,0,0,0,0,0,0,0,0,1,0,0,0,1,0,0,0,0,0,0,0,1,0,0,0,0,0,0,0,0,0,0,0,0,0
2016/11/17,0,0,0,0,0,0,0,0,0,0,0,0,0,0,0,0,0,0,0,0,0,0,0,0,0,0,0,0,0,0,0,0,0,0,0,0,1,0,0,0,0,0,0,0,0,0,0,0,0,0,0,0,0,0,0,0,0,0,0,0,0,1,0,0,1,0,0,0,1,0,0,0,0,0,0,0,1,0,0,0,0,0,0,0,0,1,0,0,0,0,0,0,0,0
2016/11/18,0,0,1,0,0,0,0,0,0,1,0,0,0,0,0,0,0,0,0,0,0,0,0,0,0,0,0,0,0,0,0,0,0,0,0,0,1,0,0,0,0,0,0,0,0,0,0,0,0,0,0,0,0,0,0,0,0,0,0,0,0,0,0,0,0,0,0,0,0,0,0,0,0,0,0,0,0,0,0,0,0,0,0,0,1,0,0,0,0,0,0,0,0,0
2016/11/19,0,0,0,0,0,0,0,0,0,0,0,0,0,0,0,0,0,0,0,0,0,0,0,0,0,0,0,0,0,0,0,0,0,0,0,0,0,0,0,0,0,0,0,0,0,0,0,0,0,0,0,0,0,0,0,0,0,0,0,0,0,0,0,0,0,0,0,0,0,0,0,0,0,0,0,0,0,0,0,0,0,0,0,0,0,0,0,0,0,0,0,0,0,0
2016/11/20,0,0,0,0,0,0,0,0,0,0,0,0,0,0,0,0,0,0,0,0,0,0,0,0,0,0,0,0,0,0,0,0,0,0,0,0,0,0,0,0,0,0,0,0,0,0,0,0,0,0,0,0,0,0,0,0,0,0,0,0,0,0,0,0,0,0,0,0,0,0,0,0,0,0,0,0,0,0,0,0,0,0,0,0,0,0,0,0,0,0,0,0,0,0
2016/11/21,0,0,0,0,0,0,0,0,0,2,0,0,0,0,0,0,0,0,0,0,0,1,2,0,0,0,0,0,0,0,2,2,3,1,1,0,2,0,0,2,0,0,1,0,0,0,0,0,0,0,0,0,1,0,2,0,0,0,0,0,0,0,0,0,0,0,0,0,1,0,0,0,1,0,0,0,0,0,0,0,0,0,0,0,0,0,0,0,0,0,0,1,0,0
2016/11/22,0,0,0,0,0,0,0,0,0,0,0,0,0,0,0,0,1,0,0,0,0,0,0,0,0,0,0,0,1,0,0,0,2,0,0,0,0,0,0,0,0,0,0,0,0,0,0,0,0,1,0,0,0,1,0,1,0,0,0,1,0,0,0,0,0,0,0,0,0,0,0,0,2,1,0,0,0,0,0,0,0,0,0,0,0,0,0,0,0,0,0,0,0,0
2016/11/23,0,0,0,0,0,0,0,0,0,0,0,0,0,0,0,0,0,0,0,0,0,0,0,2,0,0,0,0,0,0,0,0,0,0,0,0,0,0,0,0,0,0,0,0,0,0,0,0,0,0,0,0,0,0,0,0,0,0,0,0,0,0,0,0,0,0,0,0,1,0,0,0,0,0,0,0,1,0,0,0,0,0,1,0,0,0,0,0,0,0,0,0,0,0
2016/11/24,0,0,0,0,0,0,0,0,0,0,0,1,0,0,0,0,0,0,0,0,0,0,0,0,0,0,0,0,0,0,1,0,2,0,0,0,0,0,0,0,0,0,0,0,0,0,0,0,0,0,0,0,0,0,0,0,0,0,0,0,0,0,0,0,0,2,0,2,0,1,0,0,0,0,0,0,0,1,0,0,0,0,0,0,0,0,0,0,0,0,0,0,0,0
2016/11/25,0,0,0,0,0,0,0,0,0,0,0,0,0,0,0,0,0,0,0,1,0,0,0,0,0,0,0,1,0,0,0,0,0,0,0,0,0,1,0,0,0,1,1,0,0,0,0,0,0,0,0,0,0,0,0,0,0,0,0,0,0,0,0,0,1,0,0,0,0,0,0,0,0,0,0,0,0,0,0,0,0,0,0,0,0,0,0,0,0,0,0,0,0,0
2016/11/26,1,0,0,0,0,0,0,0,0,0,0,0,0,0,0,0,0,0,0,0,1,0,0,0,0,0,0,0,0,0,0,0,0,0,0,0,0,0,0,0,0,0,0,0,0,0,0,0,0,0,0,0,0,0,0,0,0,0,0,0,0,0,0,0,0,0,0,0,0,0,0,0,0,0,0,0,0,0,0,0,0,0,0,0,0,0,0,0,0,0,0,0,0,0
2016/11/27,0,0,0,0,0,0,0,0,0,0,0,0,0,0,0,0,0,0,0,0,1,0,0,0,0,0,0,0,0,0,0,0,0,0,0,0,0,0,0,0,0,0,0,0,0,0,0,0,0,0,0,0,0,0,0,0,0,0,0,0,0,0,0,0,0,0,0,0,0,0,0,0,0,0,0,0,0,0,0,0,0,0,0,0,0,0,0,0,0,0,0,0,0,0
2016/11/28,0,0,0,0,0,0,0,0,0,0,0,0,0,0,0,0,0,0,0,1,0,0,0,0,0,1,0,0,0,0,0,0,0,0,0,0,0,0,0,0,0,1,0,0,0,0,0,0,0,0,0,0,1,0,0,0,0,0,0,0,0,0,0,0,1,0,0,0,0,0,0,0,2,0,0,0,0,1,0,0,0,0,0,0,0,0,0,1,0,0,0,0,0,0
2016/11/29,0,0,0,0,0,0,0,0,0,0,0,0,0,0,0,0,0,0,1,1,0,1,0,0,0,0,0,1,0,0,0,0,0,0,0,0,0,0,0,0,0,0,0,0,0,0,0,0,0,0,0,0,0,0,2,0,0,0,0,0,0,0,0,1,1,0,0,0,0,1,0,0,1,0,0,0,0,1,0,0,0,0,0,0,0,0,0,0,0,0,0,0,0,0
2016/11/30,0,0,1,0,0,0,0,0,0,0,0,0,0,0,0,0,0,0,0,0,1,0,0,0,0,0,0,1,0,0,0,0,0,0,0,0,0,0,1,0,0,0,1,0,0,0,0,0,0,0,0,0,0,0,0,0,0,0,0,0,0,0,0,0,0,0,0,0,0,0,0,0,0,0,0,0,0,0,0,0,0,0,0,0,0,0,0,0,0,0,0,0,0,0
2016/12/01,0,0,0,0,0,0,0,0,0,0,0,0,0,0,0,0,0,0,0,0,0,0,0,0,0,0,0,0,0,0,0,0,0,0,0,0,0,0,0,0,0,0,0,0,0,0,0,0,0,0,0,0,0,0,0,0,0,0,0,0,0,0,0,0,0,0,0,0,0,0,0,0,0,0,0,0,0,0,0,0,0,0,0,0,0,0,0,0,0,0,0,0,0,0
2016/12/02,0,0,0,0,0,0,0,0,0,0,0,0,0,0,0,0,0,0,0,0,0,0,0,1,0,0,0,0,0,0,0,0,0,0,0,0,0,0,0,0,0,0,0,0,0,0,0,0,0,0,0,0,0,0,0,0,0,0,0,0,0,0,0,0,0,0,0,0,0,0,0,0,0,0,0,0,0,0,0,0,0,0,0,0,0,1,0,1,0,0,0,0,0,0
2016/12/03,0,0,0,0,0,0,0,0,0,0,0,0,0,0,0,0,0,0,0,0,0,0,0,0,0,0,0,0,0,0,0,0,0,0,0,0,0,0,0,0,0,0,0,0,0,0,0,0,0,0,0,0,0,0,0,0,0,0,0,0,0,0,0,0,0,0,0,1,0,0,0,0,0,0,0,0,0,0,0,0,0,0,0,0,0,0,0,0,0,0,0,0,0,0
2016/12/04,0,0,0,0,0,0,0,0,0,0,0,0,0,0,0,0,0,0,0,0,0,0,0,0,0,0,0,0,0,0,0,0,0,0,0,0,0,0,0,0,0,0,0,0,0,0,0,0,0,0,0,0,0,0,0,0,0,0,0,0,0,0,0,0,0,0,0,0,0,0,0,0,0,0,0,0,0,0,0,0,0,0,0,0,0,0,0,0,0,0,0,0,0,0
2016/12/05,1,0,0,0,0,0,0,0,0,0,0,0,0,0,0,0,1,0,0,0,0,1,3,0,0,1,0,1,0,0,0,0,1,0,1,0,0,0,2,0,0,1,0,0,0,0,0,0,0,0,0,0,1,0,0,0,0,0,0,0,0,0,0,0,0,0,0,0,0,0,0,0,0,0,0,0,1,0,0,0,0,0,0,0,0,2,0,0,0,0,0,0,0,0
2016/12/06,0,0,0,0,0,0,0,0,0,2,0,1,0,0,0,0,0,0,0,0,0,0,0,0,1,0,0,0,1,0,0,1,1,0,0,0,1,0,0,0,0,0,0,0,0,0,0,0,0,0,0,0,0,0,1,1,0,0,0,0,0,0,0,0,0,0,0,0,1,0,0,0,0,1,0,0,0,0,0,0,0,0,0,0,0,0,0,0,0,0,0,0,0,0
2016/12/07,0,0,0,0,0,0,0,0,0,0,0,0,0,0,0,0,0,0,0,1,0,0,0,0,0,0,0,0,0,0,0,0,1,0,0,0,0,0,0,0,0,0,0,0,1,0,0,0,0,0,0,0,0,0,0,0,0,0,0,0,0,0,0,0,0,0,0,0,0,0,0,0,0,0,0,0,0,0,0,0,2,0,0,0,1,0,0,1,0,0,0,0,0,0
2016/12/08,0,0,0,0,0,0,0,0,0,0,0,0,0,0,0,0,0,0,0,0,0,0,0,0,0,0,0,0,0,0,0,0,0,0,0,0,0,0,0,0,0,0,0,0,0,0,0,0,0,0,0,0,0,0,0,0,0,0,0,0,0,0,0,0,0,0,0,0,0,0,0,0,0,0,0,0,0,0,0,0,0,0,0,0,0,0,0,0,0,0,0,0,0,0
2016/12/09,0,0,0,0,0,0,0,0,0,0,0,0,0,0,0,0,0,0,0,0,0,1,0,0,0,0,0,1,0,0,0,0,1,0,0,0,2,0,0,0,0,0,0,0,0,0,0,0,0,0,0,0,0,0,0,0,0,0,0,0,0,0,0,0,0,0,0,0,0,0,0,0,0,0,0,0,1,0,0,0,0,0,0,0,0,0,0,2,0,0,0,0,0,0
2016/12/10,0,0,0,0,0,0,0,0,0,0,0,0,0,0,0,0,0,0,1,0,0,0,0,0,0,0,0,0,0,0,0,0,0,0,0,0,0,0,0,0,0,0,0,0,0,0,0,0,0,0,0,0,0,0,0,0,0,0,0,0,0,0,0,0,0,0,0,0,0,0,0,0,0,0,0,0,0,0,0,0,0,0,0,0,0,0,0,0,0,0,0,0,0,0
2016/12/11,0,0,0,0,0,0,0,0,0,0,0,0,0,0,0,0,0,0,0,0,0,0,0,0,0,0,0,0,0,0,0,0,1,0,0,0,0,0,0,0,0,0,0,0,0,0,0,0,0,0,0,0,0,0,0,0,0,0,0,0,0,0,0,0,0,0,0,0,0,0,0,0,0,0,0,0,0,0,0,0,0,0,0,0,0,0,0,0,0,0,0,0,0,0
2016/12/12,0,0,0,0,0,0,0,0,0,0,0,0,0,0,0,0,0,0,0,0,0,0,0,0,0,1,0,0,0,0,0,1,0,0,0,0,0,0,0,0,1,0,1,0,0,0,0,0,0,0,0,1,0,0,0,0,0,0,0,0,0,0,0,1,1,1,0,0,1,0,0,0,4,0,0,0,0,0,0,0,0,0,0,0,0,1,0,0,0,0,0,0,0,0
2016/12/13,0,0,0,0,0,0,0,0,0,0,0,0,0,0,0,0,0,0,0,0,1,0,0,0,0,1,0,0,0,0,0,0,0,1,0,0,0,0,0,0,0,0,0,0,0,0,0,0,0,0,0,0,0,0,0,0,0,0,0,1,0,2,0,0,0,0,0,0,1,0,1,0,0,0,0,0,0,0,0,0,0,0,0,0,0,0,0,0,0,0,0,0,0,1
2016/12/14,0,0,0,0,0,0,0,0,0,0,0,0,0,0,0,0,0,0,0,0,0,0,0,0,0,0,0,0,0,0,1,0,0,0,0,0,0,0,2,0,0,0,0,0,0,0,0,0,0,0,0,0,0,0,0,0,0,0,0,0,0,0,0,0,0,0,0,1,2,0,0,0,2,0,0,0,0,0,0,0,0,0,0,0,0,0,0,1,0,0,0,0,0,0
2016/12/15,0,0,0,0,0,0,0,1,0,0,0,0,0,0,0,0,0,0,0,0,0,0,0,0,0,1,0,1,0,0,0,0,0,0,0,0,0,0,0,0,0,0,0,0,0,0,0,0,0,0,0,0,0,0,0,0,0,0,1,0,0,0,0,0,0,0,0,0,0,0,0,0,1,0,0,0,0,0,0,0,0,0,0,0,0,0,0,1,0,0,0,0,0,0
2016/12/16,0,0,0,0,0,0,0,0,0,0,0,0,0,0,0,0,0,0,0,0,0,0,0,0,0,0,0,0,0,0,0,0,0,0,0,0,0,0,0,0,0,0,0,0,0,0,0,0,0,0,0,0,0,0,0,0,0,0,0,0,0,0,0,0,0,0,0,0,1,0,0,0,0,0,0,0,0,0,0,0,0,0,0,0,0,0,0,0,0,0,0,0,0,0
2016/12/17,0,0,0,0,0,0,0,0,0,0,0,0,0,0,0,0,0,0,0,0,0,0,0,0,0,0,0,0,0,0,0,0,0,0,0,0,0,0,0,0,0,0,0,0,0,0,0,0,0,0,0,0,0,0,0,0,0,0,0,0,0,0,0,0,0,0,0,0,0,0,0,0,0,0,0,0,0,0,0,0,0,0,0,0,0,0,0,0,0,0,0,0,0,0
2016/12/18,0,0,0,0,0,0,0,0,0,0,0,0,0,0,0,0,0,0,0,0,0,0,0,0,0,0,0,0,0,0,0,0,0,0,0,0,0,0,0,0,0,0,0,0,0,0,0,0,0,0,0,0,0,0,0,0,0,0,0,0,0,0,0,0,0,0,0,0,0,0,0,0,0,0,0,0,0,0,0,0,0,0,0,0,0,0,0,0,0,0,0,0,0,0
2016/12/19,0,0,0,0,0,0,0,0,0,0,0,0,0,0,0,0,0,0,0,0,0,0,1,1,0,0,0,1,0,0,0,0,1,0,0,0,0,0,0,0,0,0,3,0,0,0,0,0,0,0,0,0,0,1,0,0,0,0,0,0,0,0,0,0,0,0,0,1,0,0,0,0,2,0,0,0,0,0,0,0,0,0,0,0,0,0,0,2,0,0,0,1,0,0
2016/12/20,0,0,0,0,0,0,0,1,0,0,0,0,0,0,0,0,1,0,0,0,0,0,0,0,0,0,0,0,0,0,0,0,0,0,0,0,0,0,0,0,0,0,0,0,0,0,0,0,0,0,0,0,0,0,0,0,0,0,0,0,0,0,0,0,1,0,0,0,2,0,1,0,2,0,0,0,0,0,0,0,0,0,0,0,0,0,0,1,0,0,0,0,0,0
2016/12/21,0,0,0,0,0,0,0,1,0,0,0,0,0,0,0,0,0,0,0,1,0,0,0,0,0,0,0,0,0,0,0,0,0,0,0,0,0,0,0,0,0,0,1,0,0,0,0,0,0,0,0,0,0,0,1,0,0,0,0,0,0,0,0,1,0,0,0,1,2,1,0,0,1,0,0,0,0,0,0,0,0,0,0,0,0,0,0,1,0,0,0,0,0,0
2016/12/22,0,0,0,0,0,0,0,1,0,0,0,0,0,0,0,0,0,0,0,0,0,0,0,0,0,0,0,0,0,0,0,0,0,0,0,0,0,0,0,0,1,0,0,0,0,0,0,0,0,1,0,0,0,0,0,0,0,0,0,0,0,0,0,0,0,0,0,1,0,0,0,0,1,0,0,0,0,0,0,0,0,0,0,0,0,0,0,0,0,0,0,0,0,0
2016/12/23,0,0,0,0,0,0,0,1,0,0,0,0,0,0,0,0,0,0,0,1,0,0,1,0,0,0,0,0,0,0,0,0,0,0,0,0,0,0,0,0,0,0,0,0,0,0,0,0,0,0,0,1,0,0,0,0,0,1,0,0,0,0,0,1,0,0,0,0,0,0,0,0,0,0,0,0,0,0,0,0,0,0,0,0,0,0,0,0,0,0,0,0,0,0
2016/12/24,0,0,0,0,0,0,0,0,0,0,0,0,0,0,0,0,0,0,0,0,0,0,0,0,0,0,0,0,0,0,0,0,0,0,0,0,0,0,0,0,0,0,0,0,0,0,0,0,0,0,0,0,0,0,0,0,0,0,0,0,0,0,0,0,0,0,0,0,0,0,0,0,0,0,0,0,0,0,0,0,0,0,0,0,0,0,0,0,0,0,0,0,0,0
2016/12/25,0,0,0,0,0,0,0,0,0,0,0,0,0,0,0,0,0,0,0,0,0,0,0,0,0,0,0,0,0,0,0,0,0,0,0,0,0,0,0,0,0,0,0,0,0,0,0,0,0,0,0,0,0,0,0,0,0,0,0,0,0,0,0,0,0,0,0,0,0,0,0,0,0,0,0,0,0,0,0,0,0,0,0,0,0,0,0,0,0,0,0,0,0,0
2016/12/26,0,0,0,1,0,0,0,0,0,0,0,0,0,0,0,0,0,0,0,0,0,0,0,0,0,0,0,0,0,0,0,0,0,0,0,0,0,0,0,0,0,1,1,0,0,0,0,0,0,0,0,0,0,0,0,0,0,0,0,0,0,0,0,0,0,0,0,0,1,0,0,0,0,0,0,0,0,0,0,0,1,0,0,0,0,0,0,0,0,0,0,0,0,0
2016/12/27,0,1,0,0,0,0,0,0,0,0,0,0,0,0,0,0,0,0,0,0,0,0,0,0,0,0,0,0,0,0,0,0,1,0,0,0,0,2,0,0,0,0,0,0,0,0,0,0,0,0,0,0,0,0,0,0,0,0,0,0,0,0,0,0,0,0,0,0,0,0,0,0,0,0,0,0,0,0,0,0,0,0,0,0,1,0,0,1,0,0,0,0,0,0
2016/12/28,0,0,0,0,0,0,0,0,0,0,0,1,0,0,0,0,0,0,0,0,0,0,0,0,0,0,0,0,0,0,0,0,0,0,0,0,0,0,1,0,0,0,0,0,0,0,0,0,0,0,0,0,0,0,0,0,0,0,0,0,0,0,0,0,0,0,0,0,0,0,0,0,0,0,0,0,0,0,0,0,0,0,0,0,0,0,0,0,0,0,0,0,0,0
2016/12/29,0,0,0,0,0,0,0,0,0,0,0,0,0,0,0,0,0,0,0,0,0,0,0,0,0,0,0,1,0,0,0,0,2,0,0,0,0,0,0,0,0,0,0,0,0,0,0,0,0,0,0,1,0,0,0,0,0,0,0,0,0,0,0,0,0,0,0,0,1,0,0,0,2,0,0,0,1,0,0,0,0,0,0,0,0,1,0,1,0,0,0,0,0,0
2016/12/30,0,0,0,0,0,0,0,0,0,0,0,0,0,0,0,0,0,0,0,1,0,0,0,0,0,0,0,1,0,0,0,1,1,0,0,0,0,0,0,0,0,0,0,0,0,0,0,0,0,0,0,0,0,0,0,0,0,0,0,0,0,0,0,1,0,0,0,0,1,0,0,0,0,0,0,0,0,0,0,0,0,0,0,0,0,0,0,0,0,0,0,0,0,0
2016/12/31,0,0,0,0,0,0,0,0,0,0,0,0,0,0,0,0,0,0,0,0,0,1,0,0,0,0,0,0,0,0,0,0,1,0,0,0,0,0,0,0,0,0,0,0,0,0,0,0,0,0,0,0,0,0,0,0,0,0,0,0,0,0,0,0,0,0,0,0,0,0,0,0,0,0,0,0,0,0,0,0,0,0,0,0,0,0,0,0,0,0,0,0,0,0
